<?xml version="1.0" encoding="UTF-8"?>
<kml xmlns="http://www.opengis.net/kml/2.2"><Document>
<name>예수님 족보 지도 연표 Rev2 (1–74 + 유다 멸망 D1–D38)</name>
<description>예수님 족보 1~74 + 유다 멸망 상세 D1~D38(49~54번 사이에 시간순으로 끼워 넣음). 범례에서 켜고 끌 수 있음.</description>
<Style id="p4FA3E0"><IconStyle><color>ffE0A34F</color><scale>0.9</scale><Icon><href>http://maps.google.com/mapfiles/kml/shapes/placemark_circle.png</href></Icon></IconStyle><LabelStyle><scale>0.8</scale></LabelStyle></Style>
<Style id="l4FA3E0"><LineStyle><color>e6E0A34F</color><width>3</width></LineStyle><PolyStyle><color>ffE0A34F</color><fill>1</fill><outline>0</outline></PolyStyle></Style>
<Style id="p5CC98A"><IconStyle><color>ff8AC95C</color><scale>0.9</scale><Icon><href>http://maps.google.com/mapfiles/kml/shapes/placemark_circle.png</href></Icon></IconStyle><LabelStyle><scale>0.8</scale></LabelStyle></Style>
<Style id="l5CC98A"><LineStyle><color>e68AC95C</color><width>3</width></LineStyle><PolyStyle><color>ff8AC95C</color><fill>1</fill><outline>0</outline></PolyStyle></Style>
<Style id="p9A9A9A"><IconStyle><color>ff9A9A9A</color><scale>0.9</scale><Icon><href>http://maps.google.com/mapfiles/kml/shapes/placemark_circle.png</href></Icon></IconStyle><LabelStyle><scale>0.8</scale></LabelStyle></Style>
<Style id="l9A9A9A"><LineStyle><color>e69A9A9A</color><width>3</width></LineStyle><PolyStyle><color>ff9A9A9A</color><fill>1</fill><outline>0</outline></PolyStyle></Style>
<Style id="pC78BE8"><IconStyle><color>ffE88BC7</color><scale>0.9</scale><Icon><href>http://maps.google.com/mapfiles/kml/shapes/placemark_circle.png</href></Icon></IconStyle><LabelStyle><scale>0.8</scale></LabelStyle></Style>
<Style id="lC78BE8"><LineStyle><color>e6E88BC7</color><width>3</width></LineStyle><PolyStyle><color>ffE88BC7</color><fill>1</fill><outline>0</outline></PolyStyle></Style>
<Style id="pF2C14E"><IconStyle><color>ff4EC1F2</color><scale>0.9</scale><Icon><href>http://maps.google.com/mapfiles/kml/shapes/placemark_circle.png</href></Icon></IconStyle><LabelStyle><scale>0.8</scale></LabelStyle></Style>
<Style id="lF2C14E"><LineStyle><color>e64EC1F2</color><width>3</width></LineStyle><PolyStyle><color>ff4EC1F2</color><fill>1</fill><outline>0</outline></PolyStyle></Style>
<Style id="pFF4D4D"><IconStyle><color>ff4D4DFF</color><scale>0.9</scale><Icon><href>http://maps.google.com/mapfiles/kml/shapes/placemark_circle.png</href></Icon></IconStyle><LabelStyle><scale>0.8</scale></LabelStyle></Style>
<Style id="lFF4D4D"><LineStyle><color>e64D4DFF</color><width>3</width></LineStyle><PolyStyle><color>ff4D4DFF</color><fill>1</fill><outline>0</outline></PolyStyle></Style>
<Style id="pFF8C42"><IconStyle><color>ff428CFF</color><scale>0.9</scale><Icon><href>http://maps.google.com/mapfiles/kml/shapes/placemark_circle.png</href></Icon></IconStyle><LabelStyle><scale>0.8</scale></LabelStyle></Style>
<Style id="lFF8C42"><LineStyle><color>e6428CFF</color><width>3</width></LineStyle><PolyStyle><color>ff428CFF</color><fill>1</fill><outline>0</outline></PolyStyle></Style>
<Style id="lm"><IconStyle><color>ffdddddd</color><scale>0.5</scale><Icon><href>http://maps.google.com/mapfiles/kml/shapes/placemark_circle.png</href></Icon></IconStyle><LabelStyle><scale>0.7</scale></LabelStyle></Style>
<Folder><name>1기 · 약속 (아브라함 → 다윗)</name>
<Placemark><name>1. 아브라함 출생 — 갈대아 우르</name><description>BC 2166 · BC 2166년, 데라의 아들 아브람(훗날 아브라함)이 갈대아 우르에서 태어났다. 우르는 달신 '난나'를 섬기던 수메르의 큰 도시였다(수 24:2). (창 11:27-28) / 📍 우르: 텔 엘-무카이야르 유적(이라크 남부) 기준 — 울리 발굴. 튀르키예 우르파설도 있음</description><styleUrl>#pF2C14E</styleUrl><Point><coordinates>46.10310,30.96260,0</coordinates></Point></Placemark>
<Placemark><name>2. 데라와 함께 하란으로</name><description>BC 2100경 · BC 2100년경, 아버지 데라가 아브람과 아내 사래, 조카 롯을 데리고 가나안으로 가려고 우르를 떠났으나 하란에 머물러 살다가 그곳에서 죽었다. (창 11:31) / 📍 하란: 하란 유적(튀르키예 샨르우르파주) 기준 — 통설</description><styleUrl>#pF2C14E</styleUrl><Point><coordinates>39.03100,36.86500,0</coordinates></Point></Placemark>
<Placemark><name>3. 부르심 — 가나안으로</name><description>BC 2091 · BC 2091년, 75세의 아브람이 '너의 고향과 친척과 아버지의 집을 떠나 내가 보여 줄 땅으로 가라'는 부르심을 받고 가나안 세겜의 모레 상수리나무에 이르러 제단을 쌓았다. (창 12:1-6 · 75세) / 📍 세겜: 텔 발라타 유적(현 나블루스 동쪽) 기준 — 통설</description><styleUrl>#pF2C14E</styleUrl><Point><coordinates>35.28200,32.21370,0</coordinates></Point></Placemark>
<Placemark><name>4. 기근으로 애굽에 내려감</name><description>BC 2090경 · BC 2090년경, 가나안에 기근이 들자 아브람이 애굽으로 내려갔고, 아내 사래를 누이라 속였다가 바로의 집에 재앙이 내렸다. (창 12:10) / 📍 애굽(멤피스): 고대 수도 멤피스(현 미트 라히나) — '애굽'을 대표하는 지점으로 선택</description><styleUrl>#pF2C14E</styleUrl><Point><coordinates>31.25020,29.84460,0</coordinates></Point></Placemark>
<Placemark><name>5. 애굽에서 올라와 헤브론 마므레에 거주</name><description>BC 2089경 · BC 2089년경, 아브람이 애굽에서 나와 벧엘로 돌아와 롯과 갈라선 뒤 헤브론 마므레 상수리 숲에 장막을 치고 제단을 쌓았다. (창 13) / 📍 헤브론: 현 헤브론 시(마므레 전승지 인근) 기준</description><styleUrl>#pF2C14E</styleUrl><Point><coordinates>35.09980,31.53260,0</coordinates></Point></Placemark>
<Placemark><name>6. 롯을 구하러 단까지 추격</name><description>BC 2085경 · BC 2085년경, 그돌라오멜 연합군이 소돔을 쳐서 롯을 사로잡아 가자, 아브람이 집에서 길린 318명을 이끌고 단까지 쫓아가 롯과 재물을 되찾았다. (창 14:14) / 📍 단: 텔 단 유적 기준 — 1993년 '다윗의 집' 비문 출토지</description><styleUrl>#pF2C14E</styleUrl><Point><coordinates>35.65250,33.24860,0</coordinates></Point></Placemark>
<Placemark><name>6. 멜기세덱 — 살렘 왕, 지극히 높은 하나님의 제사장</name><description>BC 2085경 · BC 2085년경, 전쟁에서 돌아오는 아브람을 살렘 왕이자 지극히 높으신 하나님의 제사장 멜기세덱이 떡과 포도주로 맞아 축복했고, 아브람은 얻은 것의 십분의 일을 드렸다. 히브리서는 그를 그리스도의 모형으로 본다(히 7). (창 14:18-20; 히 7) / 📍 예루살렘: 성전산(모리아산) 기준 — 같은 곳의 여러 사건은 조금씩 흩어 표시</description><styleUrl>#pC78BE8</styleUrl><Point><coordinates>35.23540,31.77810,0</coordinates></Point></Placemark>
<Placemark><name>7. 횃불 언약</name><description>BC 2085경 · BC 2085년경, 하나님이 아브람에게 하늘의 별처럼 많은 자손과 땅을 약속하시고, 쪼갠 짐승 사이로 연기 나는 화로와 타는 횃불로 홀로 지나가셨다. 이때 후손이 400년 동안 이방에서 종살이할 것도 예고하셨다. (창 15 · 400년 종살이 예고) / 📍 헤브론: 현 헤브론 시(마므레 전승지 인근) 기준</description><styleUrl>#pF2C14E</styleUrl><Point><coordinates>35.09095,31.54071,0</coordinates></Point></Placemark>
<Placemark><name>8. 여호와의 사자 — 도망친 하갈을 만남</name><description>BC 2080 · BC 2080년, 임신한 하갈이 사래의 학대를 피해 도망하다 술 길 샘물 곁에서 여호와의 사자를 만났다. 하갈은 '나를 살피시는 하나님(엘 로이)'이라 고백하고 돌아가 이스마엘을 낳았다. (창 16:7 · 술 길 샘물) / 📍 술 길 샘: 정확한 위치 불명 — 가나안 남부에서 애굽으로 가는 '술 길' 위 임의 지점</description><styleUrl>#pC78BE8</styleUrl><Point><coordinates>34.35000,30.85000,0</coordinates></Point></Placemark>
<Placemark><name>9. 이삭 출생</name><description>BC 2066 · BC 2066년, 약속하신 지 25년 만에 100세 아브라함과 90세 사라 사이에서 약속의 아들 이삭('웃음')이 태어났다. (창 21 · 브엘세바 부근) / 📍 브엘세바: 텔 베에르 셰바 유적 기준 — 통설</description><styleUrl>#pF2C14E</styleUrl><Point><coordinates>34.84000,31.24500,0</coordinates></Point></Placemark>
<Placemark><name>10. 모리아산 — 이삭을 바침, 여호와의 사자</name><description>BC 2050경 · BC 2050년경, 하나님이 아브라함에게 이삭을 모리아 땅 한 산에서 번제로 드리라 하셨고, 칼을 든 순간 여호와의 사자가 막아 숫양을 대신 준비하셨다(여호와 이레). 모리아는 훗날 솔로몬 성전 터가 된다(대하 3:1). (창 22 · 모리아 = 훗날 성전 터(대하 3:1)) / 📍 예루살렘: 성전산(모리아산) 기준 — 같은 곳의 여러 사건은 조금씩 흩어 표시</description><styleUrl>#pC78BE8</styleUrl><Point><coordinates>35.22655,31.78621,0</coordinates></Point></Placemark>
<Placemark><name>11. 야곱, 에서를 피해 하란으로 (벧엘의 꿈)</name><description>BC 1929경 · BC 1929년경, 장자의 축복을 가로챈 야곱이 형 에서를 피해 외삼촌 라반이 있는 하란으로 도망했고, 가는 길에 벧엘에서 하늘에 닿은 사다리 꿈을 꾸었다. (창 28) / 📍 하란: 하란 유적(튀르키예 샨르우르파주) 기준 — 통설</description><styleUrl>#pF2C14E</styleUrl><Point><coordinates>39.02215,36.87311,0</coordinates></Point></Placemark>
<Placemark><name>12. 야곱 귀향 — 브니엘에서 '이스라엘'</name><description>BC 1909경 · BC 1909년경, 하란에서 20년을 지낸 야곱이 가족과 함께 돌아오다 얍복 강 브니엘에서 밤새 씨름한 끝에 '이스라엘'이라는 새 이름을 받고, 형 에서와 화해했다. (창 32-33) / 📍 세겜: 텔 발라타 유적(현 나블루스 동쪽) 기준 — 통설</description><styleUrl>#pF2C14E</styleUrl><Point><coordinates>35.27315,32.22181,0</coordinates></Point></Placemark>
<Placemark><name>13. 유다와 다말 — 베레스·세라 출생</name><description>BC 1900경 · BC 1900년경, 야곱의 넷째 아들 유다가 아둘람에 머물 때 며느리 다말에게서 쌍둥이 베레스와 세라를 얻었다. 다말은 마태복음 족보에 이름이 오른 첫 여인이다. (창 38 · 족보 첫 여인) / 📍 아둘람: 텔 아둘람 기준 — 통설</description><styleUrl>#pF2C14E</styleUrl><Point><coordinates>34.99000,31.65000,0</coordinates></Point></Placemark>
<Placemark><name>14. 야곱 가족 70명 애굽 이주 (베레스·헤스론 포함)</name><description>BC 1876 · BC 1876년, 총리가 된 요셉의 초청으로 130세 야곱과 가족 70명이 브엘세바에서 제사를 드린 뒤 애굽 고센 땅으로 이주했다. 명단에 유다의 손자 헤스론도 들어 있다(창 46:12). (창 46:12) / 📍 고센(라암셋): 라암셋(피-라암세스, 콴티르 유적, 나일 삼각주 동부) 기준 — 고센 땅 대표 지점</description><styleUrl>#pF2C14E</styleUrl><Point><coordinates>31.83400,30.79900,0</coordinates></Point></Placemark>
<Placemark><name>15. 400년 종살이 — 람·아미나답 세대</name><description>BC 1876–1446 · BC 1876~1446년, 요셉을 모르는 새 왕이 일어나 이스라엘 자손을 노예로 삼아 국고성 비돔과 라암셋을 짓게 했다. 람과 아미나답이 이 종살이 시대를 살았고, 창 15:13의 400년 예언이 이루어지고 있었다. (출 1 · 창 15:13 성취) / 📍 고센(라암셋): 라암셋(피-라암세스, 콴티르 유적, 나일 삼각주 동부) 기준 — 고센 땅 대표 지점</description><styleUrl>#pF2C14E</styleUrl><Point><coordinates>31.82515,30.80711,0</coordinates></Point></Placemark>
<Placemark><name>16. 떨기나무 — 여호와의 사자, 모세를 부르심</name><description>BC 1447 · BC 1447년, 미디안 광야에서 양을 치던 80세 모세에게 호렙산 떨기나무 불꽃 가운데 여호와의 사자가 나타나 '나는 스스로 있는 자'라 이름을 알리시고 애굽으로 보내셨다. (출 3) / 📍 시내산(호렙): 전통적 위치 제벨 무사(성 캐서린 수도원) 기준 — 사우디 제벨 알-라우즈 등 다른 설 다수</description><styleUrl>#pC78BE8</styleUrl><Point><coordinates>33.97500,28.53920,0</coordinates></Point></Placemark>
<Placemark><name>17. 출애굽 — 나손 세대</name><description>BC 1446 · BC 1446년, 열 가지 재앙과 유월절 후 이스라엘 백성이 라암셋을 떠나 숙곳을 거쳐 홍해를 건너 시내산으로 향했다. 유다 지파 족장 나손이 이 세대이다. (출 12-14 · 홍해 도하 위치는 논쟁 중) / 📍 시내산(호렙): 전통적 위치 제벨 무사(성 캐서린 수도원) 기준 — 사우디 제벨 알-라우즈 등 다른 설 다수</description><styleUrl>#pF2C14E</styleUrl><Point><coordinates>33.96615,28.54731,0</coordinates></Point></Placemark>
<Placemark><name>18. 시내산 언약 · 십계명 — 선지자 모세</name><description>BC 1446 · BC 1446년, 출애굽 3개월째 시내산에서 하나님이 모세를 통해 십계명을 주시고 이스라엘과 언약을 맺으셨다. 선지자들은 이 언약을 '신혼 때의 사랑', 곧 결혼으로 회고한다(렘 2:2). (출 19-20) / 📍 시내산(호렙): 전통적 위치 제벨 무사(성 캐서린 수도원) 기준 — 사우디 제벨 알-라우즈 등 다른 설 다수</description><styleUrl>#pC78BE8</styleUrl><Point><coordinates>33.97648,28.52229,0</coordinates></Point></Placemark>
<Placemark><name>19. 광야 40년</name><description>BC 1445–1406 · BC 1445~1406년, 가데스 바네아에서 정탐꾼의 부정적 보고를 믿고 원망한 출애굽 1세대가 광야에서 40년을 방황하다 죽고, 모세는 느보산에서 약속의 땅을 바라본 뒤 숨을 거두었다. (민수기) / 📍 느보산: 요르단 느보산(라스 시야가) 전통 위치</description><styleUrl>#pF2C14E</styleUrl><Point><coordinates>35.72600,31.76800,0</coordinates></Point></Placemark>
<Placemark><name>20. 가나안 입성 — 여리고, 살몬과 라합</name><description>BC 1406 · BC 1406년, 여호수아가 이끄는 이스라엘이 요단강을 건너 여리고를 무너뜨렸다. 정탐꾼을 숨겨 준 기생 라합이 구원받아 유다 지파 살몬과 결혼하고 보아스를 낳는다(마 1:5). (수 2, 6) / 📍 여리고: 텔 에스-술탄 유적 기준</description><styleUrl>#pF2C14E</styleUrl><Point><coordinates>35.44400,31.87110,0</coordinates></Point></Placemark>
<Placemark><name>21. 사사 옷니엘</name><description>BC 1373–1334 · BC 1373~1334년, 갈렙의 조카 옷니엘이 메소보다미아 왕 구산 리사다임에게서 이스라엘을 구원한 첫 사사가 되어 40년간 평화를 이끌었다. (삿 1:13; 3:9) / 📍 드빌: 키르벳 라부드(헤브론 남서) 기준 — 통설</description><styleUrl>#pC78BE8</styleUrl><Point><coordinates>34.96700,31.49900,0</coordinates></Point></Placemark>
<Placemark><name>22. 사사 에훗 — 모압 왕 에글론</name><description>BC 1316–1236 · BC 1316~1236년, 왼손잡이 에훗이 모압 왕 에글론을 찔러 죽이고 이스라엘을 구원해 80년간 평화가 이어졌다. 모압이 차지했던 '종려나무 성읍' 여리고 일대가 무대이다. (삿 3) / 📍 여리고: 텔 에스-술탄 유적 기준</description><styleUrl>#pC78BE8</styleUrl><Point><coordinates>35.43515,31.87921,0</coordinates></Point></Placemark>
<Placemark><name>23. 사사 드보라·바락 — 다볼산</name><description>BC 1216–1176 · BC 1216~1176년, 여선지자이자 사사 드보라가 바락과 함께 다볼산에서 가나안 왕 야빈의 군대장관 시스라의 철병거 900대를 물리쳤다. (삿 4-5) / 📍 다볼산: 다볼산 정상 기준 — 확실</description><styleUrl>#pC78BE8</styleUrl><Point><coordinates>35.39000,32.68700,0</coordinates></Point></Placemark>
<Placemark><name>24. 사사 기드온 — 여호와의 사자가 부름</name><description>BC 1169 · BC 1169년, 미디안의 압제로 포도주 틀에 숨어 밀을 타작하던 기드온을 여호와의 사자가 '큰 용사여'라 부르셨고, 기드온은 300명으로 미디안을 이겼다. (삿 6) / 📍 오브라: 기드온의 오브라 — 위치 불명, 이스르엘 골짜기 부근으로 표시</description><styleUrl>#pC78BE8</styleUrl><Point><coordinates>35.28900,32.60700,0</coordinates></Point></Placemark>
<Placemark><name>25. 룻이 나오미와 베들레헴으로 — 보아스·오벳</name><description>BC 1140경 · BC 1140년경, 사사 시대 흉년에 모압으로 갔다가 남편과 두 아들을 잃은 나오미가 며느리 룻과 베들레헴으로 돌아왔고, 룻은 기업 무를 자 보아스와 결혼해 다윗의 할아버지 오벳을 낳았다. (룻 1-4 · 모압 여인) / 📍 베들레헴: 현 베들레헴(예수 탄생 교회) 기준</description><styleUrl>#pF2C14E</styleUrl><Point><coordinates>35.20240,31.70540,0</coordinates></Point></Placemark>
<Placemark><name>26. 제사장·사사 엘리 — 실로 성막</name><description>BC 1107–1067 · BC 1107~1067년, 제사장 엘리가 실로 성막에서 40년간 이스라엘을 다스렸으나, 아들 홉니와 비느하스의 죄로 언약궤를 블레셋에 빼앗기고 '이가봇(영광이 떠났다)'의 날을 맞았다. (삼상 1-4) / 📍 실로: 텔 실로 유적 기준 — 확실</description><styleUrl>#pC78BE8</styleUrl><Point><coordinates>35.28970,32.05560,0</coordinates></Point></Placemark>
<Placemark><name>27. 여호와의 사자 — 삼손의 부모</name><description>BC 1095 · BC 1095년경, 소라의 마노아 아내에게 여호와의 사자가 나타나 블레셋에게서 이스라엘을 구원하기 시작할 나실인 아들 삼손의 출생을 알렸다. (삿 13) / 📍 소라: 텔 초라 기준 — 통설</description><styleUrl>#pC78BE8</styleUrl><Point><coordinates>34.98200,31.77600,0</coordinates></Point></Placemark>
<Placemark><name>28. 사사 입다</name><description>BC 1086–1080 · BC 1086~1080년, 기생의 아들로 쫓겨났던 길르앗 사람 입다가 사사로 세워져 암몬을 물리쳤으나, 경솔한 서원으로 외동딸을 잃는 비극을 겪었다. (삿 11) / 📍 길르앗 미스바: 위치 불명 — 요단강 동편 길르앗 지역 대표 지점</description><styleUrl>#pC78BE8</styleUrl><Point><coordinates>35.80000,32.33000,0</coordinates></Point></Placemark>
<Placemark><name>29. 사사 삼손</name><description>BC 1075–1055 · BC 1075~1055년, 나실인 삼손이 20년간 사사로 블레셋과 싸웠고, 들릴라에게 비밀을 누설해 힘을 잃었다가 마지막에 다곤 신전을 무너뜨리며 죽었다. (삿 14-16) / 📍 소라: 텔 초라 기준 — 통설</description><styleUrl>#pC78BE8</styleUrl><Point><coordinates>34.97315,31.78411,0</coordinates></Point></Placemark>
<Placemark><name>30. 사무엘(마지막 사사·선지자)이 이새의 아들 다윗에게 기름부음</name><description>BC 1025경 · BC 1025년경, 마지막 사사이자 선지자 사무엘이 라마에서 베들레헴으로 가서, 사울 대신 이새의 막내아들 소년 다윗에게 기름을 부었다. '사람은 외모를 보거니와 여호와는 중심을 보느니라'(삼상 16:7). (삼상 16) / 📍 베들레헴: 현 베들레헴(예수 탄생 교회) 기준</description><styleUrl>#pC78BE8</styleUrl><Point><coordinates>35.19355,31.71351,0</coordinates></Point></Placemark>
<Placemark><name>31. 다윗 — 헤브론에서 즉위, 예루살렘으로 / 나단의 다윗 언약</name><description>BC 1010 → 1003 · BC 1010년, 다윗이 헤브론에서 유다의 왕이 되고 7년 반 뒤 예루살렘을 정복해 수도로 삼았다. 선지자 나단을 통해 '네 왕위가 영원히 견고하리라'는 다윗 언약을 받았다. (삼하 2, 5, 7) / 📍 다윗성: 다윗이 여부스 족속에게서 빼앗아 수도로 삼은 시온 산성(삼하 5:7)</description><styleUrl>#pF2C14E</styleUrl><Point><coordinates>35.23620,31.77370,0</coordinates></Point></Placemark>
<Placemark><name>2 → 우르 → 하란</name><description>데라와 함께 하란으로</description><styleUrl>#lF2C14E</styleUrl><MultiGeometry><LineString><tessellate>1</tessellate><coordinates>46.10310,30.96260,0 45.81678,31.33834,0 45.52338,31.70560,0 45.22290,32.06437,0 44.91533,32.41465,0 44.60068,32.75644,0 44.27895,33.08975,0 43.95014,33.41458,0 43.61424,33.73091,0 43.27126,34.03876,0 42.92119,34.33813,0 42.56405,34.62900,0 42.19982,34.91139,0 41.82851,35.18530,0 41.45011,35.45071,0 41.06463,35.70764,0 40.67207,35.95609,0 40.27243,36.19605,0 39.86570,36.42752,0 39.45189,36.65050,0 39.03100,36.86500,0</coordinates></LineString><Polygon><outerBoundaryIs><LinearRing><coordinates>39.03100,36.86500,0 39.04303,36.84747,0 39.05589,36.86318,0 39.03100,36.86500,0</coordinates></LinearRing></outerBoundaryIs></Polygon></MultiGeometry></Placemark>
<Placemark><name>3 → 하란 → 세겜</name><description>부르심 — 가나안으로</description><styleUrl>#lF2C14E</styleUrl><MultiGeometry><LineString><tessellate>1</tessellate><coordinates>39.03100,36.86500,0 38.89657,36.58970,0 38.75657,36.31889,0 38.61098,36.05259,0 38.45981,35.79078,0 38.30306,35.53347,0 38.14073,35.28066,0 37.97281,35.03235,0 37.79931,34.78854,0 37.62024,34.54922,0 37.43558,34.31441,0 37.24534,34.08409,0 37.04951,33.85828,0 36.84811,33.63696,0 36.64113,33.42014,0 36.42856,33.20782,0 36.21041,33.00000,0 35.98668,32.79668,0 35.75737,32.59785,0 35.52247,32.40353,0 35.28200,32.21370,0</coordinates></LineString><Polygon><outerBoundaryIs><LinearRing><coordinates>35.28200,32.21370,0 35.30476,32.21911,0 35.28943,32.23269,0 35.28200,32.21370,0</coordinates></LinearRing></outerBoundaryIs></Polygon></MultiGeometry></Placemark>
<Placemark><name>4 → 세겜 → 벧엘 → 애굽(멤피스)</name><description>기근으로 애굽에 내려감</description><styleUrl>#lF2C14E</styleUrl><MultiGeometry><LineString><tessellate>1</tessellate><coordinates>35.28200,32.21370,0 35.27575,32.20020,0 35.26984,32.18663,0 35.26427,32.17299,0 35.25905,32.15928,0 35.25416,32.14549,0 35.24961,32.13163,0 35.24540,32.11770,0 35.24154,32.10369,0 35.23801,32.08962,0 35.23483,32.07547,0 35.23198,32.06125,0 35.22948,32.04695,0 35.22731,32.03259,0 35.22549,32.01815,0 35.22401,32.00364,0 35.22287,31.98906,0 35.22206,31.97440,0 35.22160,31.95967,0 35.22148,31.94487,0 35.22170,31.93000,0 34.99935,31.87101,0 34.77951,31.80724,0 34.56216,31.73872,0 34.34732,31.66543,0 34.13498,31.58737,0 33.92515,31.50454,0 33.71781,31.41695,0 33.51298,31.32460,0 33.31065,31.22748,0 33.11083,31.12559,0 32.91350,31.01894,0 32.71868,30.90752,0 32.52636,30.79133,0 32.33655,30.67038,0 32.14923,30.54467,0 31.96442,30.41419,0 31.78211,30.27894,0 31.60231,30.13892,0 31.42500,29.99415,0 31.25020,29.84460,0</coordinates></LineString><Polygon><outerBoundaryIs><LinearRing><coordinates>31.25020,29.84460,0 31.27237,29.85009,0 31.25735,29.86361,0 31.25020,29.84460,0</coordinates></LinearRing></outerBoundaryIs></Polygon></MultiGeometry></Placemark>
<Placemark><name>5 → 애굽(멤피스) → 헤브론</name><description>애굽에서 올라와 헤브론 마므레에 거주</description><styleUrl>#lF2C14E</styleUrl><MultiGeometry><LineString><tessellate>1</tessellate><coordinates>31.25020,29.84460,0 31.42344,29.97289,0 31.59870,30.09655,0 31.77599,30.21560,0 31.95530,30.33002,0 32.13664,30.43983,0 32.32000,30.54502,0 32.50540,30.64559,0 32.69281,30.74154,0 32.88225,30.83287,0 33.07372,30.91958,0 33.26721,31.00167,0 33.46273,31.07914,0 33.66028,31.15199,0 33.85984,31.22022,0 34.06144,31.28383,0 34.26506,31.34282,0 34.47071,31.39720,0 34.67838,31.44695,0 34.88808,31.49209,0 35.09980,31.53260,0</coordinates></LineString><Polygon><outerBoundaryIs><LinearRing><coordinates>35.09980,31.53260,0 35.07709,31.53764,0 35.08220,31.51937,0 35.09980,31.53260,0</coordinates></LinearRing></outerBoundaryIs></Polygon></MultiGeometry></Placemark>
<Placemark><name>6 → 헤브론 → 단</name><description>롯을 구하러 단까지 추격</description><styleUrl>#lF2C14E</styleUrl><MultiGeometry><LineString><tessellate>1</tessellate><coordinates>35.09980,31.53260,0 35.14700,31.61210,0 35.19214,31.69226,0 35.23521,31.77309,0 35.27623,31.85458,0 35.31520,31.93673,0 35.35210,32.01954,0 35.38694,32.10302,0 35.41972,32.18716,0 35.45045,32.27197,0 35.47911,32.35744,0 35.50572,32.44357,0 35.53026,32.53036,0 35.55275,32.61782,0 35.57318,32.70594,0 35.59155,32.79473,0 35.60785,32.88418,0 35.62210,32.97429,0 35.63430,33.06506,0 35.64443,33.15650,0 35.65250,33.24860,0</coordinates></LineString><Polygon><outerBoundaryIs><LinearRing><coordinates>35.65250,33.24860,0 35.63957,33.23178,0 35.66194,33.23023,0 35.65250,33.24860,0</coordinates></LinearRing></outerBoundaryIs></Polygon></MultiGeometry></Placemark>
<Placemark><name>6 → 단 → 예루살렘</name><description>멜기세덱 — 살렘 왕, 지극히 높은 하나님의 제사장</description><styleUrl>#lC78BE8</styleUrl><MultiGeometry><LineString><tessellate>1</tessellate><coordinates>35.65250,33.24860,0 35.64841,33.17032,0 35.64255,33.09254,0 35.63493,33.01526,0 35.62555,32.93848,0 35.61440,32.86221,0 35.60148,32.78643,0 35.58680,32.71115,0 35.57036,32.63638,0 35.55215,32.56210,0 35.53218,32.48832,0 35.51044,32.41505,0 35.48694,32.34228,0 35.46167,32.27000,0 35.43464,32.19823,0 35.40585,32.12696,0 35.37529,32.05618,0 35.34296,31.98591,0 35.30887,31.91614,0 35.27302,31.84687,0 35.23540,31.77810,0</coordinates></LineString><Polygon><outerBoundaryIs><LinearRing><coordinates>35.23540,31.77810,0 35.25403,31.79032,0 35.23390,31.79806,0 35.23540,31.77810,0</coordinates></LinearRing></outerBoundaryIs></Polygon></MultiGeometry></Placemark>
<Placemark><name>8 → 헤브론 → 술 길 샘</name><description>여호와의 사자 — 도망친 하갈을 만남</description><styleUrl>#lC78BE8</styleUrl><MultiGeometry><LineString><tessellate>1</tessellate><coordinates>35.09980,31.53260,0 35.07009,31.48992,0 35.03956,31.44814,0 35.00822,31.40727,0 34.97605,31.36729,0 34.94307,31.32821,0 34.90926,31.29003,0 34.87464,31.25275,0 34.83920,31.21637,0 34.80294,31.18089,0 34.76586,31.14631,0 34.72796,31.11263,0 34.68924,31.07985,0 34.64970,31.04797,0 34.60934,31.01699,0 34.56817,30.98691,0 34.52617,30.95773,0 34.48336,30.92945,0 34.43972,30.90206,0 34.39527,30.87558,0 34.35000,30.85000,0</coordinates></LineString><Polygon><outerBoundaryIs><LinearRing><coordinates>34.35000,30.85000,0 34.37317,30.85211,0 34.36092,30.86767,0 34.35000,30.85000,0</coordinates></LinearRing></outerBoundaryIs></Polygon></MultiGeometry></Placemark>
<Placemark><name>10 → 브엘세바 → 예루살렘</name><description>모리아산 — 이삭을 바침, 여호와의 사자</description><styleUrl>#lC78BE8</styleUrl><MultiGeometry><LineString><tessellate>1</tessellate><coordinates>34.84000,31.24500,0 34.85369,31.27616,0 34.86803,31.30685,0 34.88300,31.33706,0 34.89861,31.36680,0 34.91486,31.39607,0 34.93175,31.42486,0 34.94928,31.45317,0 34.96745,31.48102,0 34.98626,31.50838,0 35.00571,31.53527,0 35.02580,31.56169,0 35.04653,31.58764,0 35.06790,31.61310,0 35.08991,31.63810,0 35.11256,31.66262,0 35.13585,31.68666,0 35.15978,31.71023,0 35.18435,31.73333,0 35.20955,31.75595,0 35.23540,31.77810,0</coordinates></LineString><Polygon><outerBoundaryIs><LinearRing><coordinates>35.23540,31.77810,0 35.21301,31.77196,0 35.22887,31.75889,0 35.23540,31.77810,0</coordinates></LinearRing></outerBoundaryIs></Polygon></MultiGeometry></Placemark>
<Placemark><name>11 → 브엘세바 → 벧엘 → 하란</name><description>야곱, 에서를 피해 하란으로 (벧엘의 꿈)</description><styleUrl>#lF2C14E</styleUrl><MultiGeometry><LineString><tessellate>1</tessellate><coordinates>34.84000,31.24500,0 34.86689,31.27490,0 34.89297,31.30526,0 34.91822,31.33607,0 34.94264,31.36734,0 34.96625,31.39907,0 34.98903,31.43126,0 35.01100,31.46391,0 35.03214,31.49701,0 35.05245,31.53058,0 35.07195,31.56460,0 35.09062,31.59908,0 35.10848,31.63401,0 35.12551,31.66941,0 35.14171,31.70526,0 35.15710,31.74157,0 35.17166,31.77834,0 35.18541,31.81557,0 35.19833,31.85326,0 35.21042,31.89140,0 35.22170,31.93000,0 35.46842,32.13332,0 35.70923,32.34122,0 35.94411,32.55369,0 36.17306,32.77072,0 36.39610,32.99233,0 36.61321,33.21851,0 36.82441,33.44926,0 37.02968,33.68458,0 37.22902,33.92448,0 37.42245,34.16894,0 37.60995,34.41798,0 37.79154,34.67158,0 37.96720,34.92976,0 38.13693,35.19251,0 38.30075,35.45983,0 38.45864,35.73172,0 38.61062,36.00819,0 38.75667,36.28922,0 38.89679,36.57482,0 39.03100,36.86500,0</coordinates></LineString><Polygon><outerBoundaryIs><LinearRing><coordinates>39.03100,36.86500,0 39.01217,36.85184,0 39.03410,36.84515,0 39.03100,36.86500,0</coordinates></LinearRing></outerBoundaryIs></Polygon></MultiGeometry></Placemark>
<Placemark><name>12 → 하란 → 브니엘(얍복) → 세겜</name><description>야곱 귀향 — 브니엘에서 '이스라엘'</description><styleUrl>#lF2C14E</styleUrl><MultiGeometry><LineString><tessellate>1</tessellate><coordinates>39.03100,36.86500,0 38.91636,36.59243,0 38.79610,36.32390,0 38.67021,36.05940,0 38.53870,35.79894,0 38.40157,35.54250,0 38.25882,35.29011,0 38.11045,35.04174,0 37.95646,34.79741,0 37.79684,34.55711,0 37.63160,34.32084,0 37.46074,34.08861,0 37.28426,33.86041,0 37.10215,33.63624,0 36.91442,33.41611,0 36.72107,33.20001,0 36.52210,32.98794,0 36.31751,32.77990,0 36.10730,32.57590,0 35.89146,32.37593,0 35.67000,32.18000,0 35.65022,32.17726,0 35.63047,32.17499,0 35.61077,32.17318,0 35.59111,32.17184,0 35.57148,32.17097,0 35.55190,32.17055,0 35.53236,32.17061,0 35.51286,32.17113,0 35.49340,32.17212,0 35.47398,32.17357,0 35.45460,32.17549,0 35.43526,32.17787,0 35.41596,32.18072,0 35.39670,32.18403,0 35.37748,32.18782,0 35.35831,32.19206,0 35.33917,32.19677,0 35.32007,32.20195,0 35.30102,32.20759,0 35.28200,32.21370,0</coordinates></LineString><Polygon><outerBoundaryIs><LinearRing><coordinates>35.28200,32.21370,0 35.29780,32.19883,0 35.30541,32.21647,0 35.28200,32.21370,0</coordinates></LinearRing></outerBoundaryIs></Polygon></MultiGeometry></Placemark>
<Placemark><name>14 → 헤브론 → 브엘세바 → 고센(라암셋)</name><description>야곱 가족 70명 애굽 이주 (베레스·헤스론 포함)</description><styleUrl>#lF2C14E</styleUrl><MultiGeometry><LineString><tessellate>1</tessellate><coordinates>35.09980,31.53260,0 35.09009,31.51526,0 35.08003,31.49823,0 35.06963,31.48151,0 35.05888,31.46510,0 35.04779,31.44901,0 35.03636,31.43323,0 35.02457,31.41775,0 35.01245,31.40260,0 34.99997,31.38775,0 34.98716,31.37321,0 34.97399,31.35899,0 34.96049,31.34508,0 34.94663,31.33147,0 34.93244,31.31819,0 34.91789,31.30521,0 34.90300,31.29254,0 34.88777,31.28019,0 34.87219,31.26815,0 34.85627,31.25642,0 34.84000,31.24500,0 34.69478,31.18843,0 34.54903,31.13547,0 34.40275,31.08612,0 34.25593,31.04037,0 34.10857,30.99823,0 33.96068,30.95970,0 33.81225,30.92477,0 33.66329,30.89345,0 33.51379,30.86574,0 33.36376,30.84164,0 33.21319,30.82114,0 33.06209,30.80425,0 32.91045,30.79097,0 32.75828,30.78130,0 32.60557,30.77523,0 32.45233,30.77277,0 32.29855,30.77392,0 32.14423,30.77867,0 31.98938,30.78703,0 31.83400,30.79900,0</coordinates></LineString><Polygon><outerBoundaryIs><LinearRing><coordinates>31.83400,30.79900,0 31.85367,30.78829,0 31.85533,30.80702,0 31.83400,30.79900,0</coordinates></LinearRing></outerBoundaryIs></Polygon></MultiGeometry></Placemark>
<Placemark><name>17 → 고센(라암셋) → 숙곳 → 홍해 → 시내산(호렙)</name><description>출애굽 — 나손 세대</description><styleUrl>#lF2C14E</styleUrl><MultiGeometry><LineString><tessellate>1</tessellate><coordinates>31.83400,30.79900,0 31.84446,30.78373,0 31.85521,30.76878,0 31.86625,30.75414,0 31.87759,30.73982,0 31.88922,30.72582,0 31.90115,30.71214,0 31.91337,30.69878,0 31.92589,30.68574,0 31.93870,30.67301,0 31.95180,30.66060,0 31.96520,30.64851,0 31.97889,30.63674,0 31.99287,30.62528,0 32.00715,30.61414,0 32.02172,30.60332,0 32.03659,30.59282,0 32.05175,30.58264,0 32.06721,30.57278,0 32.08296,30.56323,0 32.09900,30.55400,0 32.11466,30.51866,0 32.13105,30.48386,0 32.14817,30.44960,0 32.16601,30.41588,0 32.18457,30.38270,0 32.20386,30.35007,0 32.22387,30.31798,0 32.24461,30.28642,0 32.26607,30.25541,0 32.28826,30.22494,0 32.31117,30.19501,0 32.33481,30.16562,0 32.35917,30.13678,0 32.38426,30.10847,0 32.41007,30.08071,0 32.43661,30.05348,0 32.46387,30.02680,0 32.49185,30.00066,0 32.52056,29.97506,0 32.55000,29.95000,0 32.60517,29.86321,0 32.66203,29.77814,0 32.72058,29.69477,0 32.78083,29.61312,0 32.84276,29.53317,0 32.90640,29.45494,0 32.97172,29.37841,0 33.03874,29.30360,0 33.10745,29.23050,0 33.17785,29.15910,0 33.24995,29.08942,0 33.32374,29.02144,0 33.39922,28.95518,0 33.47640,28.89062,0 33.55526,28.82777,0 33.63583,28.76664,0 33.71808,28.70721,0 33.80203,28.64950,0 33.88767,28.59350,0 33.97500,28.53920,0</coordinates></LineString><Polygon><outerBoundaryIs><LinearRing><coordinates>33.97500,28.53920,0 33.96501,28.55717,0 33.95245,28.54197,0 33.97500,28.53920,0</coordinates></LinearRing></outerBoundaryIs></Polygon></MultiGeometry></Placemark>
<Placemark><name>19 → 시내산(호렙) → 가데스 바네아 → 느보산</name><description>광야 40년</description><styleUrl>#lF2C14E</styleUrl><MultiGeometry><LineString><tessellate>1</tessellate><coordinates>33.97500,28.53920,0 34.02141,28.63938,0 34.06529,28.74010,0 34.10664,28.84136,0 34.14546,28.94316,0 34.18176,29.04549,0 34.21553,29.14836,0 34.24678,29.25177,0 34.27549,29.35572,0 34.30168,29.46020,0 34.32535,29.56522,0 34.34648,29.67078,0 34.36509,29.77688,0 34.38118,29.88351,0 34.39473,29.99068,0 34.40576,30.09839,0 34.41426,30.20664,0 34.42024,30.31542,0 34.42369,30.42474,0 34.42461,30.53460,0 34.42300,30.64500,0 34.50095,30.68630,0 34.57756,30.72916,0 34.65281,30.77358,0 34.72672,30.81956,0 34.79929,30.86711,0 34.87050,30.91623,0 34.94037,30.96691,0 35.00888,31.01915,0 35.07606,31.07295,0 35.14188,31.12832,0 35.20636,31.18525,0 35.26948,31.24375,0 35.33127,31.30381,0 35.39170,31.36543,0 35.45078,31.42862,0 35.50852,31.49336,0 35.56491,31.55968,0 35.61996,31.62756,0 35.67365,31.69700,0 35.72600,31.76800,0</coordinates></LineString><Polygon><outerBoundaryIs><LinearRing><coordinates>35.72600,31.76800,0 35.70549,31.75821,0 35.72407,31.74807,0 35.72600,31.76800,0</coordinates></LinearRing></outerBoundaryIs></Polygon></MultiGeometry></Placemark>
<Placemark><name>20 → 느보산 → 여리고</name><description>가나안 입성 — 여리고, 살몬과 라합</description><styleUrl>#lF2C14E</styleUrl><MultiGeometry><LineString><tessellate>1</tessellate><coordinates>35.72600,31.76800,0 35.71072,31.76994,0 35.69557,31.77222,0 35.68055,31.77484,0 35.66564,31.77779,0 35.65086,31.78109,0 35.63620,31.78472,0 35.62167,31.78869,0 35.60726,31.79300,0 35.59298,31.79764,0 35.57881,31.80263,0 35.56478,31.80795,0 35.55086,31.81362,0 35.53707,31.81962,0 35.52340,31.82596,0 35.50986,31.83264,0 35.49644,31.83965,0 35.48315,31.84701,0 35.46997,31.85470,0 35.45692,31.86273,0 35.44400,31.87110,0</coordinates></LineString><Polygon><outerBoundaryIs><LinearRing><coordinates>35.44400,31.87110,0 35.45409,31.85303,0 35.46728,31.86810,0 35.44400,31.87110,0</coordinates></LinearRing></outerBoundaryIs></Polygon></MultiGeometry></Placemark>
<Placemark><name>25 → 모압 → 베들레헴</name><description>룻이 나오미와 베들레헴으로 — 보아스·오벳</description><styleUrl>#lF2C14E</styleUrl><MultiGeometry><LineString><tessellate>1</tessellate><coordinates>35.70000,31.18000,0 35.68111,31.21194,0 35.66159,31.24329,0 35.64144,31.27404,0 35.62066,31.30419,0 35.59924,31.33374,0 35.57720,31.36270,0 35.55453,31.39106,0 35.53122,31.41882,0 35.50729,31.44599,0 35.48272,31.47256,0 35.45753,31.49853,0 35.43170,31.52390,0 35.40525,31.54868,0 35.37816,31.57286,0 35.35044,31.59644,0 35.32210,31.61943,0 35.29312,31.64182,0 35.26351,31.66361,0 35.23327,31.68480,0 35.20240,31.70540,0</coordinates></LineString><Polygon><outerBoundaryIs><LinearRing><coordinates>35.20240,31.70540,0 35.21166,31.68702,0 35.22549,31.70165,0 35.20240,31.70540,0</coordinates></LinearRing></outerBoundaryIs></Polygon></MultiGeometry></Placemark>
<Placemark><name>30 → 라마 → 베들레헴</name><description>사무엘(마지막 사사·선지자)이 이새의 아들 다윗에게 기름부음</description><styleUrl>#lC78BE8</styleUrl><MultiGeometry><LineString><tessellate>1</tessellate><coordinates>35.23300,31.85200,0 35.23314,31.84432,0 35.23311,31.83668,0 35.23290,31.82907,0 35.23251,31.82150,0 35.23195,31.81397,0 35.23121,31.80648,0 35.23029,31.79902,0 35.22920,31.79160,0 35.22794,31.78421,0 35.22650,31.77686,0 35.22488,31.76955,0 35.22308,31.76228,0 35.22111,31.75504,0 35.21897,31.74784,0 35.21665,31.74067,0 35.21415,31.73354,0 35.21148,31.72645,0 35.20863,31.71940,0 35.20560,31.71238,0 35.20240,31.70540,0</coordinates></LineString><Polygon><outerBoundaryIs><LinearRing><coordinates>35.20240,31.70540,0 35.22007,31.71859,0 35.19942,31.72524,0 35.20240,31.70540,0</coordinates></LinearRing></outerBoundaryIs></Polygon></MultiGeometry></Placemark>
<Placemark><name>31 → 헤브론 → 예루살렘</name><description>다윗 — 헤브론에서 즉위, 예루살렘으로 / 나단의 다윗 언약</description><styleUrl>#lF2C14E</styleUrl><MultiGeometry><LineString><tessellate>1</tessellate><coordinates>35.09980,31.53260,0 35.10938,31.54333,0 35.11866,31.55422,0 35.12765,31.56528,0 35.13635,31.57649,0 35.14475,31.58787,0 35.15285,31.59942,0 35.16066,31.61112,0 35.16818,31.62299,0 35.17540,31.63502,0 35.18233,31.64721,0 35.18896,31.65957,0 35.19530,31.67209,0 35.20134,31.68477,0 35.20709,31.69762,0 35.21255,31.71062,0 35.21771,31.72379,0 35.22257,31.73713,0 35.22714,31.75062,0 35.23142,31.76428,0 35.23540,31.77810,0</coordinates></LineString><Polygon><outerBoundaryIs><LinearRing><coordinates>35.23540,31.77810,0 35.21956,31.76331,0 35.24096,31.75867,0 35.23540,31.77810,0</coordinates></LinearRing></outerBoundaryIs></Polygon></MultiGeometry></Placemark>
</Folder>
<Folder><name>2기 · 왕국과 몰락 (다윗 → 바벨론 포로)</name>
<Placemark><name>32. 솔로몬 성전 완공 — 하늘에서 불</name><description>BC 959 · BC 959년, 다윗의 아들 솔로몬이 7년 공사 끝에 모리아산에 성전을 완공했다. 봉헌 기도를 마치자 하늘에서 불이 내려 제물을 태우고 여호와의 영광이 성전에 가득했다(대하 7:1). (왕상 8; 대하 7:1) / 📍 성전산: 솔로몬이 모리아산에 세운 성전 — 하늘에서 불이 내림(대하 7:1)</description><styleUrl>#p4FA3E0</styleUrl><Point><coordinates>35.23545,31.77805,0</coordinates></Point></Placemark>
<Placemark><name>33. 왕국 분열 — 르호보암이 세겜에 갔다가 거절당함</name><description>BC 931 · BC 931년, 솔로몬이 죽은 뒤 아들 르호보암이 세겜에서 왕으로 세워지려 했으나, 멍에를 가볍게 해 달라는 백성의 요구를 '전갈 채찍'으로 거절해 북쪽 10지파가 떨어져 나갔다. (왕상 12:1-19) / 📍 세겜: 텔 발라타 유적(현 나블루스 동쪽) 기준 — 통설</description><styleUrl>#p4FA3E0</styleUrl><Point><coordinates>35.28348,32.19679,0</coordinates></Point></Placemark>
<Placemark><name>33. 여로보암 — 벧엘의 금송아지 (남쪽 끝)</name><description>BC 931 · BC 931년, 북이스라엘의 첫 왕 여로보암이 백성이 예루살렘 성전으로 가면 마음이 돌아설까 두려워 남쪽 끝 벧엘에 금송아지를 세우고 '이스라엘아 너희를 애굽에서 인도한 신이라' 했다. (왕상 12:28-29) / 📍 벧엘: 베이틴 마을 기준 — 통설(엘-비레설도 있음)</description><styleUrl>#p4FA3E0</styleUrl><Point><coordinates>35.22170,31.93000,0</coordinates></Point></Placemark>
<Placemark><name>33. 여로보암 — 단의 금송아지 (북쪽 끝)</name><description>BC 931 · BC 931년, 여로보암이 북쪽 끝 단에도 금송아지를 세우고 레위인이 아닌 제사장과 임의의 절기를 만들었다. 이후 북이스라엘 왕들은 모두 '여로보암의 죄'에서 떠나지 않았다. (왕상 12:29-30) / 📍 단: 텔 단 유적 기준 — 1993년 '다윗의 집' 비문 출토지</description><styleUrl>#p4FA3E0</styleUrl><Point><coordinates>35.64365,33.25671,0</coordinates></Point></Placemark>
<Placemark><name>34. 남유다 아비야·아사·여호사밧</name><description>BC 913–848 · BC 913~848년, 남유다에서 아비야에 이어 아사가 우상을 제거하는 개혁을 했고, 여호사밧은 백성에게 율법을 가르쳤으나 북이스라엘 아합 집안과 혼인 동맹을 맺었다. (왕상 15, 22) / 📍 예루살렘: 성전산(모리아산) 기준 — 같은 곳의 여러 사건은 조금씩 흩어 표시</description><styleUrl>#p4FA3E0</styleUrl><Point><coordinates>35.21177,31.77392,0</coordinates></Point></Placemark>
<Placemark><name>35. 엘리야 — 갈멜산 대결</name><description>BC 860경 · BC 860년경, 선지자 엘리야가 3년 반의 가뭄 끝에 갈멜산에서 바알 선지자 450명과 대결해, 하늘에서 내린 불로 여호와가 참 하나님이심을 증명했다. (왕상 18) / 📍 갈멜산: 무흐라카(엘리야 제단 전승지) 기준</description><styleUrl>#pC78BE8</styleUrl><Point><coordinates>35.05000,32.67000,0</coordinates></Point></Placemark>
<Placemark><name>36. 엘리야 도피 — 로뎀나무 아래 천사, 호렙산</name><description>BC 860경 · BC 860년경, 이세벨의 살해 위협을 피해 도망한 엘리야가 브엘세바 광야 로뎀나무 아래서 죽기를 구했으나 천사가 떡과 물로 먹였고, 40일을 걸어 호렙산에서 세미한 소리로 하나님을 만났다. (왕상 19) / 📍 시내산(호렙): 전통적 위치 제벨 무사(성 캐서린 수도원) 기준 — 사우디 제벨 알-라우즈 등 다른 설 다수</description><styleUrl>#pC78BE8</styleUrl><Point><coordinates>33.98764,28.55570,0</coordinates></Point></Placemark>
<Placemark><name>37. 요람 — 아합의 딸 아달랴와 결혼</name><description>BC 853–841 · BC 853~841년, 남유다 왕 요람이 아합과 이세벨의 딸 아달랴와 결혼해 바알 숭배가 남유다에까지 들어왔다. 훗날 아달랴는 다윗 왕족을 죽이고 왕위를 빼앗는다. (왕하 8:16-18) / 📍 왕궁 구역(추정): 요람이 아합의 딸 아달랴를 맞은 유다 왕궁</description><styleUrl>#p4FA3E0</styleUrl><Point><coordinates>35.23680,31.77650,0</coordinates></Point></Placemark>
<Placemark><name>37. 엘리사 — 사마리아·도단</name><description>BC 848–797 · BC 848~797년, 엘리야의 뒤를 이은 엘리사가 사마리아를 중심으로 활동했고, 도단에서 아람 군대에 포위되었을 때 사환의 눈을 열어 산에 가득한 불말과 불병거를 보게 했다(왕하 6). (왕하 2-13) / 📍 도단: 텔 도탄 유적 기준 — 통설</description><styleUrl>#pC78BE8</styleUrl><Point><coordinates>35.23800,32.41300,0</coordinates></Point></Placemark>
<Placemark><name>38-1. 요나 — 다시스로 도망, 폭풍과 큰 물고기</name><description>BC 785경 · BC 785년경, 여로보암 2세 시대의 선지자 요나가 '니느웨로 가라'는 명령을 피해 욥바에서 다시스(스페인 남부 타르테소스로 추정)행 배를 탔으나, 큰 폭풍 속에 바다에 던져져 큰 물고기 뱃속에서 사흘 밤낮을 보냈다. (욘 1:1-17) / 📍 지중해(요나의 폭풍): 위치 불명 — 욥바에서 다시스(스페인 남부 타르테소스 추정) 방향 바다 위 임의 지점</description><styleUrl>#pC78BE8</styleUrl><Point><coordinates>32.60000,33.20000,0</coordinates></Point></Placemark>
<Placemark><name>38-2. 요나 — 물고기 배에서 나와 니느웨로</name><description>BC 785경 · BC 785년경, 물고기 뱃속에서 기도한 요나를 물고기가 육지에 토해 냈고, 요나는 앗수르의 수도 니느웨로 가서 '사십 일이 지나면 니느웨가 무너지리라'고 외쳤다. 왕부터 백성까지 회개하자 하나님이 재앙을 거두셨다. (욘 2:10–3:10) / 📍 니느웨: 쿠윤직·네비 유누스 유적(이라크 모술 동쪽) 기준 — 확실</description><styleUrl>#pC78BE8</styleUrl><Point><coordinates>43.15200,36.35900,0</coordinates></Point></Placemark>
<Placemark><name>39. 아모스 — 드고아에서 벧엘로</name><description>BC 760 · BC 760년, 드고아의 목자 아모스가 북이스라엘 벧엘에 가서 '정의를 물 같이, 공의를 마르지 않는 강 같이 흐르게 하라'고 외쳤으나 제사장 아마샤에게 쫓겨났다. (암 1:1; 7:10-13) / 📍 벧엘: 베이틴 마을 기준 — 통설(엘-비레설도 있음)</description><styleUrl>#pC78BE8</styleUrl><Point><coordinates>35.21285,31.93811,0</coordinates></Point></Placemark>
<Placemark><name>39. 호세아 — 북이스라엘</name><description>BC 755–715 · BC 755~715년, 선지자 호세아가 음란한 아내 고멜을 끝까지 사랑하는 삶으로, 바알을 따라간 북이스라엘을 포기하지 않으시는 하나님의 사랑을 보여 주었다. (호 1) / 📍 사마리아: 세바스티아 유적 기준 — 확실</description><styleUrl>#pC78BE8</styleUrl><Point><coordinates>35.19700,32.27600,0</coordinates></Point></Placemark>
<Placemark><name>40. 이사야 소명 — 웃시야 왕이 죽던 해 (웃시야·요담)</name><description>BC 740 · BC 740년, 웃시야 왕이 죽던 해 이사야가 성전에서 높이 들린 보좌와 스랍들을 보고 '내가 여기 있나이다 나를 보내소서'라고 응답했다. 웃시야의 아들 요담이 뒤를 이었다. (사 6) / 📍 성전: 이사야가 높이 들린 보좌를 본 성전(사 6:1)</description><styleUrl>#pC78BE8</styleUrl><Point><coordinates>35.23545,31.77805,0</coordinates></Point></Placemark>
<Placemark><name>40. 미가 — 모레셋</name><description>BC 735–700 · BC 735~700년, 모레셋 출신 선지자 미가가 예루살렘의 불의를 책망하며 '베들레헴 에브라다야… 네게서 이스라엘을 다스릴 자가 나오리라'(미 5:2)고 메시아의 탄생지를 예언했다. (미 1:1) / 📍 모레셋: 모레셋 가드 — 텔 엘-주데이데 설, 대략 표시</description><styleUrl>#pC78BE8</styleUrl><Point><coordinates>34.89000,31.60000,0</coordinates></Point></Placemark>
<Placemark><name>41. 북이스라엘 멸망 — 앗수르로 포로 (아하스 재위 중)</name><description>BC 722 · BC 722년, 앗수르가 3년 포위 끝에 사마리아를 함락하고 북이스라엘 백성을 하볼 강가 고산과 메대 성읍들로 끌어갔다. 남유다는 아하스 왕 시대였다. (왕하 17:6) / 📍 하볼 강(고산): 하볼(카부르) 강가 고산 = 텔 할라프(시리아 북동) 기준 — 통설</description><styleUrl>#p4FA3E0</styleUrl><Point><coordinates>40.75000,36.50000,0</coordinates></Point></Placemark>
<Placemark><name>42. 산헤립 — 라기스 함락 후 예루살렘 포위 (히스기야)</name><description>BC 701 · BC 701년, 앗수르 왕 산헤립이 유다의 성읍 46개를 치고 라기스를 함락한 뒤 예루살렘을 포위했다. 히스기야 왕은 이사야와 함께 성전에서 기도했다. (왕하 18-19) / 📍 기혼 샘(히스기야 터널): 포위에 대비해 수원을 확보한 곳(대하 32:30)</description><styleUrl>#p4FA3E0</styleUrl><Point><coordinates>35.23685,31.77575,0</coordinates></Point></Placemark>
<Placemark><name>42. 여호와의 사자 — 앗수르 군대 18만 5천</name><description>BC 701 · BC 701년, 그 밤에 여호와의 사자가 앗수르 진영에서 18만 5천 명을 쳤고, 산헤립은 니느웨로 돌아가 자기 신전에서 아들들에게 죽임을 당했다. (왕하 19:35) / 📍 예루살렘: 성전산(모리아산) 기준 — 같은 곳의 여러 사건은 조금씩 흩어 표시</description><styleUrl>#pC78BE8</styleUrl><Point><coordinates>35.26728,31.78975,0</coordinates></Point></Placemark>
<Placemark><name>43. 므낫세 — 바벨론으로 끌려갔다가 회개하고 돌아옴 (아몬)</name><description>BC 697–642 · BC 697~642년, 히스기야의 아들 므낫세가 55년간 다스리며 성전에 아세라 목상을 세우고 자녀를 불에 태우는 최악의 죄를 지었다. 역대기는 그가 바벨론으로 끌려가 회개하고 돌아왔다고 전한다. 아들 아몬도 악을 행했다. (왕하 21; 대하 33:11-13) / 📍 성전산: 므낫세가 성전 안에 우상을 둔 곳(왕하 21:4-7)</description><styleUrl>#p4FA3E0</styleUrl><Point><coordinates>35.23545,31.77805,0</coordinates></Point></Placemark>
<Placemark><name>44. 나훔 — 니느웨 멸망 예언 / 스바냐</name><description>BC 650–630 · BC 650~630년, 선지자 나훔이 한때 회개했던 니느웨가 다시 교만해져 멸망할 것을 예언했고(BC 612 성취), 스바냐는 요시야 시대에 '여호와의 날'을 경고했다. (나 1; 습 1) / 📍 니느웨: 쿠윤직·네비 유누스 유적(이라크 모술 동쪽) 기준 — 확실</description><styleUrl>#pC78BE8</styleUrl><Point><coordinates>43.14315,36.36711,0</coordinates></Point></Placemark>
<Placemark><name>45. 예레미야 소명 — 아나돗</name><description>BC 627 · BC 627년, 아나돗 제사장 가문의 청년 예레미야가 '나는 아이라'며 주저했으나, 하나님이 그 입에 말씀을 두시고 40년간 유다의 멸망과 회복을 전하게 하셨다. (렘 1) / 📍 아나돗: 아나타 마을 인근(라스 엘-하루베) 기준 — 통설</description><styleUrl>#pC78BE8</styleUrl><Point><coordinates>35.26400,31.81300,0</coordinates></Point></Placemark>
<Placemark><name>46. 요시야 — 율법책 발견, 대개혁</name><description>BC 622 · BC 622년, 요시야 왕이 성전을 수리하다 발견한 율법책을 듣고 옷을 찢으며 회개한 뒤, 온 나라의 우상을 제거하고 유월절을 성대하게 지켰다. (왕하 22-23) / 📍 성전: 요시야가 성전을 수리하다 율법책을 발견한 곳(왕하 22:8)</description><styleUrl>#p4FA3E0</styleUrl><Point><coordinates>35.23545,31.77805,0</coordinates></Point></Placemark>
<Placemark><name>47. 요시야 전사 — 므깃도</name><description>BC 609 · BC 609년, 요시야가 앗수르를 도우러 올라가던 애굽 왕 느고를 므깃도에서 막다가 화살에 맞아 전사했다. 유다의 마지막 선한 왕의 죽음이었다. (왕하 23:29) / 📍 므깃도: 텔 므깃도 유적 기준 — 확실</description><styleUrl>#p4FA3E0</styleUrl><Point><coordinates>35.18500,32.58500,0</coordinates></Point></Placemark>
<Placemark><name>48. 하박국</name><description>BC 607경 · BC 607년경, 선지자 하박국이 '어찌하여 악인이 형통합니까'라고 하나님께 질문했고, '의인은 그의 믿음으로 말미암아 살리라'(합 2:4)는 응답을 받았다. (합 1-3) / 📍 예루살렘: 성전산(모리아산) 기준 — 같은 곳의 여러 사건은 조금씩 흩어 표시</description><styleUrl>#pC78BE8</styleUrl><Point><coordinates>35.24730,31.81608,0</coordinates></Point></Placemark>
<Placemark><name>49. 1차 포로 — 다니엘</name><description>BC 605 · BC 605년, 바벨론 느부갓네살이 갈그미스에서 애굽을 이긴 뒤 예루살렘을 쳐서 다니엘과 세 친구 등 왕족과 귀족 청년들을 1차 포로로 끌어갔다. (단 1) / 📍 바벨론: 바빌론 유적(이라크 힐라 인근) 기준 — 확실</description><styleUrl>#pC78BE8</styleUrl><Point><coordinates>44.42090,32.53640,0</coordinates></Point></Placemark>
<Placemark><name>50. 여고냐(여호야긴)와 에스겔 포로</name><description>BC 597 · BC 597년, 느부갓네살이 예루살렘을 다시 쳐서 18세 왕 여고냐(여호야긴)와 왕족, 용사, 기술자 1만 명을 바벨론으로 끌고 갔다. 제사장 에스겔도 이때 함께 끌려갔다. (왕하 24:12-16) / 📍 바벨론: 바빌론 유적(이라크 힐라 인근) 기준 — 확실</description><styleUrl>#p4FA3E0</styleUrl><Point><coordinates>44.41205,32.54451,0</coordinates></Point></Placemark>
<Placemark><name>51. 에스겔 — 그발 강가의 환상</name><description>BC 593 · BC 593년, 포로 된 지 5년째 에스겔이 그발 강가에서 하나님의 영광의 보좌 환상을 보고 선지자로 부름받았다. 그는 성전에서 하나님의 영광이 떠나는 모습도 보았다(겔 10). (겔 1:1-3) / 📍 그발 강(델아빕): 그발 강 = 니푸르 부근 운하 — 델아빕 정확 위치 불명, 니푸르 근처로 표시</description><styleUrl>#pC78BE8</styleUrl><Point><coordinates>45.23000,32.13000,0</coordinates></Point></Placemark>
<Placemark><name>52. ★ 성전 불탐 — 예루살렘 멸망 (10/18 본문)</name><description>BC 586 · BC 586년, 18개월 포위 끝에 바벨론 시위대장 느부사라단이 여호와의 성전과 왕궁과 예루살렘의 모든 집을 불사르고 성벽을 헐었다. 솔로몬 성전이 선 지 약 370년 만이었다. (10/18 설교 본문) (왕하 25:8-10) / 📍 성전산: 느부사라단이 성전을 불사른 곳(왕하 25:9)</description><styleUrl>#pFF4D4D</styleUrl><Point><coordinates>35.23545,31.77805,0</coordinates></Point></Placemark>
<Placemark><name>52. 시드기야 도주 — 여리고에서 잡혀 립나로</name><description>BC 586 · BC 586년, 성벽이 뚫리자 시드기야 왕이 밤에 도망했으나 여리고 평지에서 붙잡혀 립나로 끌려갔고, 눈앞에서 아들들이 죽임을 당한 뒤 두 눈이 뽑혔다. (왕하 25:4-7) / 📍 립나: 리블라(Ribleh, 시리아 홈스 남서) 마을 일대 기준 — 통설. 느부갓네살의 본진(왕하 25:6)</description><styleUrl>#pFF4D4D</styleUrl><Point><coordinates>36.51670,34.41670,0</coordinates></Point></Placemark>
<Placemark><name>52. 백성 포로 — 바벨론으로</name><description>BC 586 · BC 586년, 시드기야와 남은 백성이 쇠사슬에 묶여 바벨론으로 끌려갔다. '이와 같이 유다가 사로잡혀 본토에서 떠났더라'(왕하 25:21). (왕하 25:11, 21) / 📍 바벨론: 바빌론 유적(이라크 힐라 인근) 기준 — 확실</description><styleUrl>#pFF4D4D</styleUrl><Point><coordinates>44.42238,32.51949,0</coordinates></Point></Placemark>
<Placemark><name>33 → 예루살렘 → 세겜</name><description>왕국 분열 — 르호보암이 세겜에 갔다가 거절당함</description><styleUrl>#l4FA3E0</styleUrl><MultiGeometry><LineString><tessellate>1</tessellate><coordinates>35.23540,31.77810,0 35.24270,31.79935,0 35.24947,31.82065,0 35.25572,31.84201,0 35.26145,31.86343,0 35.26665,31.88490,0 35.27133,31.90643,0 35.27549,31.92802,0 35.27913,31.94966,0 35.28224,31.97135,0 35.28484,31.99310,0 35.28690,32.01491,0 35.28845,32.03678,0 35.28947,32.05870,0 35.28997,32.08067,0 35.28995,32.10270,0 35.28941,32.12479,0 35.28834,32.14693,0 35.28675,32.16913,0 35.28464,32.19139,0 35.28200,32.21370,0</coordinates></LineString><Polygon><outerBoundaryIs><LinearRing><coordinates>35.28200,32.21370,0 35.27282,32.19527,0 35.29493,32.19696,0 35.28200,32.21370,0</coordinates></LinearRing></outerBoundaryIs></Polygon></MultiGeometry></Placemark>
<Placemark><name>33 → 세겜 → 벧엘</name><description>여로보암 — 벧엘의 금송아지 (남쪽 끝)</description><styleUrl>#l4FA3E0</styleUrl><MultiGeometry><LineString><tessellate>1</tessellate><coordinates>35.28200,32.21370,0 35.28222,32.19883,0 35.28210,32.18403,0 35.28164,32.16930,0 35.28083,32.15464,0 35.27969,32.14006,0 35.27821,32.12555,0 35.27639,32.11111,0 35.27422,32.09675,0 35.27172,32.08245,0 35.26887,32.06823,0 35.26569,32.05408,0 35.26216,32.04001,0 35.25830,32.02600,0 35.25409,32.01207,0 35.24954,31.99821,0 35.24465,31.98442,0 35.23943,31.97071,0 35.23386,31.95707,0 35.22795,31.94350,0 35.22170,31.93000,0</coordinates></LineString><Polygon><outerBoundaryIs><LinearRing><coordinates>35.22170,31.93000,0 35.23945,31.94316,0 35.21877,31.94985,0 35.22170,31.93000,0</coordinates></LinearRing></outerBoundaryIs></Polygon></MultiGeometry></Placemark>
<Placemark><name>33 → 세겜 → 단</name><description>여로보암 — 단의 금송아지 (북쪽 끝)</description><styleUrl>#l4FA3E0</styleUrl><MultiGeometry><LineString><tessellate>1</tessellate><coordinates>35.28200,32.21370,0 35.31232,32.26122,0 35.34140,32.30919,0 35.36924,32.35760,0 35.39584,32.40645,0 35.42120,32.45575,0 35.44531,32.50550,0 35.46818,32.55569,0 35.48981,32.60632,0 35.51020,32.65740,0 35.52934,32.70892,0 35.54725,32.76089,0 35.56391,32.81330,0 35.57933,32.86616,0 35.59351,32.91946,0 35.60645,32.97320,0 35.61814,33.02739,0 35.62859,33.08203,0 35.63780,33.13711,0 35.64577,33.19263,0 35.65250,33.24860,0</coordinates></LineString><Polygon><outerBoundaryIs><LinearRing><coordinates>35.65250,33.24860,0 35.63903,33.23208,0 35.66135,33.23002,0 35.65250,33.24860,0</coordinates></LinearRing></outerBoundaryIs></Polygon></MultiGeometry></Placemark>
<Placemark><name>36 → 갈멜산 → 브엘세바 → 시내산(호렙)</name><description>엘리야 도피 — 로뎀나무 아래 천사, 호렙산</description><styleUrl>#lC78BE8</styleUrl><MultiGeometry><LineString><tessellate>1</tessellate><coordinates>35.05000,32.67000,0 35.05574,32.59636,0 35.05978,32.52296,0 35.06211,32.44982,0 35.06272,32.37694,0 35.06162,32.30430,0 35.05882,32.23192,0 35.05430,32.15978,0 35.04808,32.08790,0 35.04015,32.01628,0 35.03050,31.94490,0 35.01915,31.87378,0 35.00608,31.80290,0 34.99130,31.73228,0 34.97482,31.66192,0 34.95663,31.59180,0 34.93672,31.52194,0 34.91510,31.45232,0 34.89178,31.38296,0 34.86675,31.31386,0 34.84000,31.24500,0 34.82760,31.09985,0 34.81195,30.95574,0 34.79305,30.81266,0 34.77090,30.67062,0 34.74551,30.52962,0 34.71687,30.38966,0 34.68499,30.25074,0 34.64985,30.11286,0 34.61147,29.97601,0 34.56985,29.84020,0 34.52497,29.70543,0 34.47685,29.57170,0 34.42549,29.43900,0 34.37087,29.30734,0 34.31301,29.17673,0 34.25190,29.04714,0 34.18755,28.91860,0 34.11995,28.79110,0 34.04910,28.66463,0 33.97500,28.53920,0</coordinates></LineString><Polygon><outerBoundaryIs><LinearRing><coordinates>33.97500,28.53920,0 33.99361,28.55072,0 33.97453,28.55920,0 33.97500,28.53920,0</coordinates></LinearRing></outerBoundaryIs></Polygon></MultiGeometry></Placemark>
<Placemark><name>37 → 사마리아 → 도단</name><description>엘리사 — 사마리아·도단</description><styleUrl>#lC78BE8</styleUrl><MultiGeometry><LineString><tessellate>1</tessellate><coordinates>35.19700,32.27600,0 35.19749,32.28332,0 35.19814,32.29059,0 35.19896,32.29780,0 35.19994,32.30497,0 35.20109,32.31209,0 35.20240,32.31917,0 35.20387,32.32619,0 35.20551,32.33316,0 35.20731,32.34009,0 35.20928,32.34696,0 35.21141,32.35379,0 35.21371,32.36056,0 35.21617,32.36729,0 35.21880,32.37397,0 35.22159,32.38059,0 35.22454,32.38717,0 35.22766,32.39370,0 35.23094,32.40019,0 35.23439,32.40662,0 35.23800,32.41300,0</coordinates></LineString><Polygon><outerBoundaryIs><LinearRing><coordinates>35.23800,32.41300,0 35.21909,32.40095,0 35.23926,32.39303,0 35.23800,32.41300,0</coordinates></LinearRing></outerBoundaryIs></Polygon></MultiGeometry></Placemark>
<Placemark><name>38-1 → 욥바 → 지중해(요나의 폭풍)</name><description>요나 — 다시스로 도망, 폭풍과 큰 물고기</description><styleUrl>#lC78BE8</styleUrl><MultiGeometry><LineString><tessellate>1</tessellate><coordinates>34.75200,32.05300,0 34.65748,32.13488,0 34.56158,32.21418,0 34.46430,32.29090,0 34.36564,32.36504,0 34.26562,32.43659,0 34.16421,32.50556,0 34.06143,32.57195,0 33.95727,32.63576,0 33.85173,32.69698,0 33.74482,32.75562,0 33.63653,32.81168,0 33.52687,32.86516,0 33.41583,32.91605,0 33.30341,32.96436,0 33.18962,33.01009,0 33.07444,33.05324,0 32.95790,33.09380,0 32.83998,33.13178,0 32.72068,33.16718,0 32.60000,33.20000,0</coordinates></LineString><Polygon><outerBoundaryIs><LinearRing><coordinates>32.60000,33.20000,0 32.61637,33.18543,0 32.62359,33.20321,0 32.60000,33.20000,0</coordinates></LinearRing></outerBoundaryIs></Polygon></MultiGeometry></Placemark>
<Placemark><name>38-2 → 지중해(요나의 폭풍) → 니느웨</name><description>요나 — 물고기 배에서 나와 니느웨로</description><styleUrl>#lC78BE8</styleUrl><MultiGeometry><LineString><tessellate>1</tessellate><coordinates>32.60000,33.20000,0 33.09159,33.47824,0 33.58697,33.74382,0 34.08613,33.99674,0 34.58909,34.23700,0 35.09585,34.46459,0 35.60639,34.67952,0 36.12072,34.88179,0 36.63884,35.07140,0 37.16076,35.24834,0 37.68646,35.41262,0 38.21596,35.56424,0 38.74924,35.70320,0 39.28632,35.82949,0 39.82719,35.94312,0 40.37185,36.04409,0 40.92029,36.13240,0 41.47253,36.20804,0 42.02857,36.27102,0 42.58839,36.32134,0 43.15200,36.35900,0</coordinates></LineString><Polygon><outerBoundaryIs><LinearRing><coordinates>43.15200,36.35900,0 43.12905,36.36664,0 43.13130,36.34795,0 43.15200,36.35900,0</coordinates></LinearRing></outerBoundaryIs></Polygon></MultiGeometry></Placemark>
<Placemark><name>39 → 드고아 → 벧엘</name><description>아모스 — 드고아에서 벧엘로</description><styleUrl>#lC78BE8</styleUrl><MultiGeometry><LineString><tessellate>1</tessellate><coordinates>35.22600,31.61400,0 35.22939,31.62985,0 35.23240,31.64569,0 35.23502,31.66153,0 35.23727,31.67737,0 35.23914,31.69319,0 35.24064,31.70902,0 35.24175,31.72483,0 35.24248,31.74065,0 35.24284,31.75646,0 35.24281,31.77226,0 35.24241,31.78806,0 35.24162,31.80385,0 35.24046,31.81963,0 35.23892,31.83542,0 35.23700,31.85119,0 35.23469,31.86697,0 35.23201,31.88273,0 35.22896,31.89849,0 35.22552,31.91425,0 35.22170,31.93000,0</coordinates></LineString><Polygon><outerBoundaryIs><LinearRing><coordinates>35.22170,31.93000,0 35.21483,31.91087,0 35.23655,31.91447,0 35.22170,31.93000,0</coordinates></LinearRing></outerBoundaryIs></Polygon></MultiGeometry></Placemark>
<Placemark><name>41 → 사마리아 → 하볼 강(고산)</name><description>북이스라엘 멸망 — 앗수르로 포로 (아하스 재위 중)</description><styleUrl>#l4FA3E0</styleUrl><MultiGeometry><LineString><tessellate>1</tessellate><coordinates>35.19700,32.27600,0 35.52280,32.42390,0 35.84354,32.57846,0 36.15920,32.73968,0 36.46980,32.90756,0 36.77533,33.08212,0 37.07579,33.26333,0 37.37118,33.45121,0 37.66150,33.64575,0 37.94676,33.84695,0 38.22694,34.05482,0 38.50206,34.26935,0 38.77210,34.49055,0 39.03708,34.71841,0 39.29699,34.95293,0 39.55183,35.19412,0 39.80160,35.44196,0 40.04630,35.69648,0 40.28594,35.95766,0 40.52050,36.22550,0 40.75000,36.50000,0</coordinates></LineString><Polygon><outerBoundaryIs><LinearRing><coordinates>40.75000,36.50000,0 40.72793,36.49077,0 40.74717,36.48013,0 40.75000,36.50000,0</coordinates></LinearRing></outerBoundaryIs></Polygon></MultiGeometry></Placemark>
<Placemark><name>42 → 니느웨 → 라기스 → 예루살렘</name><description>산헤립 — 라기스 함락 후 예루살렘 포위 (히스기야)</description><styleUrl>#l4FA3E0</styleUrl><MultiGeometry><LineString><tessellate>1</tessellate><coordinates>43.15200,36.35900,0 42.79150,36.02465,0 42.42525,35.70026,0 42.05325,35.38583,0 41.67549,35.08136,0 41.29198,34.78687,0 40.90272,34.50233,0 40.50770,34.22776,0 40.10693,33.96315,0 39.70041,33.70850,0 39.28814,33.46382,0 38.87011,33.22910,0 38.44633,33.00435,0 38.01680,32.78956,0 37.58152,32.58473,0 37.14048,32.38987,0 36.69369,32.20496,0 36.24115,32.03003,0 35.78285,31.86506,0 35.31880,31.71005,0 34.84900,31.56500,0 34.86589,31.58006,0 34.88304,31.59466,0 34.90044,31.60879,0 34.91810,31.62246,0 34.93601,31.63566,0 34.95418,31.64840,0 34.97260,31.66068,0 34.99129,31.67250,0 35.01022,31.68385,0 35.02941,31.69473,0 35.04886,31.70516,0 35.06857,31.71512,0 35.08852,31.72461,0 35.10874,31.73364,0 35.12921,31.74221,0 35.14994,31.75032,0 35.17092,31.75796,0 35.19216,31.76514,0 35.21365,31.77185,0 35.23540,31.77810,0</coordinates></LineString><Polygon><outerBoundaryIs><LinearRing><coordinates>35.23540,31.77810,0 35.21214,31.78108,0 35.21948,31.76337,0 35.23540,31.77810,0</coordinates></LinearRing></outerBoundaryIs></Polygon></MultiGeometry></Placemark>
<Placemark><name>43 → 예루살렘 → 바벨론 → 예루살렘</name><description>므낫세 — 바벨론으로 끌려갔다가 회개하고 돌아옴 (아몬)</description><styleUrl>#l4FA3E0</styleUrl><MultiGeometry><LineString><tessellate>1</tessellate><coordinates>35.23540,31.77810,0 35.68603,31.92073,0 36.13757,32.05234,0 36.59002,32.17292,0 37.04338,32.28248,0 37.49765,32.38102,0 37.95283,32.46854,0 38.40892,32.54503,0 38.86592,32.61050,0 39.32383,32.66495,0 39.78265,32.70838,0 40.24238,32.74078,0 40.70302,32.76216,0 41.16457,32.77252,0 41.62703,32.77186,0 42.09040,32.76017,0 42.55468,32.73746,0 43.01987,32.70373,0 43.48597,32.65898,0 43.95298,32.60320,0 44.42090,32.53640,0 43.97027,32.39377,0 43.51873,32.26216,0 43.06628,32.14158,0 42.61292,32.03202,0 42.15865,31.93348,0 41.70347,31.84596,0 41.24738,31.76947,0 40.79038,31.70400,0 40.33247,31.64955,0 39.87365,31.60612,0 39.41392,31.57372,0 38.95328,31.55234,0 38.49173,31.54198,0 38.02927,31.54264,0 37.56590,31.55433,0 37.10162,31.57704,0 36.63643,31.61077,0 36.17033,31.65552,0 35.70332,31.71130,0 35.23540,31.77810,0</coordinates></LineString><Polygon><outerBoundaryIs><LinearRing><coordinates>35.23540,31.77810,0 35.25425,31.76613,0 35.25761,31.78469,0 35.23540,31.77810,0</coordinates></LinearRing></outerBoundaryIs></Polygon></MultiGeometry></Placemark>
<Placemark><name>47 → 예루살렘 → 므깃도</name><description>요시야 전사 — 므깃도</description><styleUrl>#l4FA3E0</styleUrl><MultiGeometry><LineString><tessellate>1</tessellate><coordinates>35.23540,31.77810,0 35.22368,31.81787,0 35.21293,31.85770,0 35.20315,31.89759,0 35.19434,31.93754,0 35.18649,31.97756,0 35.17961,32.01763,0 35.17370,32.05776,0 35.16876,32.09796,0 35.16479,32.13821,0 35.16179,32.17853,0 35.15975,32.21890,0 35.15868,32.25934,0 35.15858,32.29983,0 35.15945,32.34039,0 35.16129,32.38101,0 35.16410,32.42168,0 35.16787,32.46242,0 35.17261,32.50322,0 35.17832,32.54408,0 35.18500,32.58500,0</coordinates></LineString><Polygon><outerBoundaryIs><LinearRing><coordinates>35.18500,32.58500,0 35.17129,32.56867,0 35.19340,32.56629,0 35.18500,32.58500,0</coordinates></LinearRing></outerBoundaryIs></Polygon></MultiGeometry></Placemark>
<Placemark><name>49 → 예루살렘 → 바벨론</name><description>1차 포로 — 다니엘</description><styleUrl>#lC78BE8</styleUrl><MultiGeometry><LineString><tessellate>1</tessellate><coordinates>35.23540,31.77810,0 35.68603,31.92073,0 36.13757,32.05234,0 36.59002,32.17292,0 37.04338,32.28248,0 37.49765,32.38102,0 37.95283,32.46854,0 38.40892,32.54503,0 38.86592,32.61050,0 39.32383,32.66495,0 39.78265,32.70838,0 40.24238,32.74078,0 40.70302,32.76216,0 41.16457,32.77252,0 41.62703,32.77186,0 42.09040,32.76017,0 42.55468,32.73746,0 43.01987,32.70373,0 43.48597,32.65898,0 43.95298,32.60320,0 44.42090,32.53640,0</coordinates></LineString><Polygon><outerBoundaryIs><LinearRing><coordinates>44.42090,32.53640,0 44.40191,32.54839,0 44.39849,32.52984,0 44.42090,32.53640,0</coordinates></LinearRing></outerBoundaryIs></Polygon></MultiGeometry></Placemark>
<Placemark><name>50 → 예루살렘 → 바벨론</name><description>여고냐(여호야긴)와 에스겔 포로</description><styleUrl>#l4FA3E0</styleUrl><MultiGeometry><LineString><tessellate>1</tessellate><coordinates>35.23540,31.77810,0 35.70332,31.71130,0 36.17033,31.65552,0 36.63643,31.61077,0 37.10162,31.57704,0 37.56590,31.55433,0 38.02927,31.54264,0 38.49173,31.54198,0 38.95328,31.55234,0 39.41392,31.57372,0 39.87365,31.60612,0 40.33247,31.64955,0 40.79038,31.70400,0 41.24738,31.76947,0 41.70347,31.84596,0 42.15865,31.93348,0 42.61292,32.03202,0 43.06628,32.14158,0 43.51873,32.26216,0 43.97027,32.39377,0 44.42090,32.53640,0</coordinates></LineString><Polygon><outerBoundaryIs><LinearRing><coordinates>44.42090,32.53640,0 44.39742,32.53924,0 44.40497,32.52158,0 44.42090,32.53640,0</coordinates></LinearRing></outerBoundaryIs></Polygon></MultiGeometry></Placemark>
<Placemark><name>51 → 바벨론 → 그발 강(델아빕)</name><description>에스겔 — 그발 강가의 환상</description><styleUrl>#lC78BE8</styleUrl><MultiGeometry><LineString><tessellate>1</tessellate><coordinates>44.42090,32.53640,0 44.46599,32.52530,0 44.51059,32.51324,0 44.55470,32.50020,0 44.59833,32.48619,0 44.64146,32.47121,0 44.68411,32.45526,0 44.72627,32.43834,0 44.76795,32.42044,0 44.80914,32.40158,0 44.84983,32.38175,0 44.89005,32.36094,0 44.92977,32.33916,0 44.96900,32.31642,0 45.00775,32.29270,0 45.04601,32.26801,0 45.08379,32.24235,0 45.12107,32.21572,0 45.15787,32.18812,0 45.19418,32.15954,0 45.23000,32.13000,0</coordinates></LineString><Polygon><outerBoundaryIs><LinearRing><coordinates>45.23000,32.13000,0 45.22254,32.14897,0 45.20725,32.13537,0 45.23000,32.13000,0</coordinates></LinearRing></outerBoundaryIs></Polygon></MultiGeometry></Placemark>
<Placemark><name>52 → 예루살렘 → 여리고 → 립나</name><description>시드기야 도주 — 여리고에서 잡혀 립나로</description><styleUrl>#lFF4D4D</styleUrl><MultiGeometry><LineString><tessellate>1</tessellate><coordinates>35.23540,31.77810,0 35.24477,31.78513,0 35.25425,31.79191,0 35.26384,31.79843,0 35.27355,31.80471,0 35.28337,31.81074,0 35.29329,31.81651,0 35.30333,31.82204,0 35.31348,31.82732,0 35.32375,31.83234,0 35.33412,31.83712,0 35.34461,31.84164,0 35.35520,31.84592,0 35.36591,31.84994,0 35.37673,31.85371,0 35.38767,31.85724,0 35.39871,31.86051,0 35.40986,31.86353,0 35.42113,31.86631,0 35.43251,31.86883,0 35.44400,31.87110,0 35.46862,32.01061,0 35.49629,32.14883,0 35.52701,32.28576,0 35.56079,32.42141,0 35.59762,32.55577,0 35.63751,32.68884,0 35.68046,32.82063,0 35.72645,32.95113,0 35.77551,33.08034,0 35.82761,33.20826,0 35.88278,33.33490,0 35.94099,33.46025,0 36.00227,33.58431,0 36.06659,33.70708,0 36.13397,33.82857,0 36.20441,33.94877,0 36.27790,34.06768,0 36.35445,34.18531,0 36.43405,34.30165,0 36.51670,34.41670,0</coordinates></LineString><Polygon><outerBoundaryIs><LinearRing><coordinates>36.51670,34.41670,0 36.49613,34.40612,0 36.51583,34.39671,0 36.51670,34.41670,0</coordinates></LinearRing></outerBoundaryIs></Polygon></MultiGeometry></Placemark>
<Placemark><name>52 → 립나 → 바벨론</name><description>백성 포로 — 바벨론으로</description><styleUrl>#lFF4D4D</styleUrl><MultiGeometry><LineString><tessellate>1</tessellate><coordinates>36.51670,34.41670,0 36.89047,34.23258,0 37.26651,34.05794,0 37.64479,33.89279,0 38.02534,33.73712,0 38.40814,33.59094,0 38.79319,33.45424,0 39.18051,33.32703,0 39.57007,33.20930,0 39.96190,33.10106,0 40.35598,33.00230,0 40.75232,32.91303,0 41.15091,32.83324,0 41.55177,32.76294,0 41.95487,32.70212,0 42.36024,32.65079,0 42.76786,32.60894,0 43.17773,32.57658,0 43.58987,32.55370,0 44.00425,32.54031,0 44.42090,32.53640,0</coordinates></LineString><Polygon><outerBoundaryIs><LinearRing><coordinates>44.42090,32.53640,0 44.40023,32.54622,0 44.39968,32.52745,0 44.42090,32.53640,0</coordinates></LinearRing></outerBoundaryIs></Polygon></MultiGeometry></Placemark>
</Folder>
<Folder><name>3기 · 회복 (포로 → 그리스도)</name>
<Placemark><name>53. 예레미야 — 애굽 다바네스로 끌려감</name><description>BC 582경 · BC 582년경, 총독 그달리야가 암살된 뒤 바벨론의 보복을 두려워한 유다의 남은 무리가 예레미야의 경고를 무시하고 그를 강제로 데리고 애굽 다바네스로 내려갔다. (렘 43:7) / 📍 다바네스: 텔 데펜네(나일 삼각주 동부) 기준 — 통설</description><styleUrl>#pC78BE8</styleUrl><Point><coordinates>32.20000,30.97200,0</coordinates></Point></Placemark>
<Placemark><name>54. 여고냐 석방 — 왕의 식탁 (스알디엘 출생은 포로기)</name><description>BC 561 · BC 561년, 바벨론 왕 에윌므로닥이 즉위하던 해, 포로 37년째인 여고냐를 감옥에서 풀어 주고 평생 왕의 식탁에서 먹게 했다. 그의 아들 스알디엘은 포로기에 바벨론에서 태어났다. (왕하 25:27-30) / 📍 바벨론: 바빌론 유적(이라크 힐라 인근) 기준 — 확실</description><styleUrl>#p5CC98A</styleUrl><Point><coordinates>44.43354,32.55290,0</coordinates></Point></Placemark>
<Placemark><name>55. 가브리엘 — 다니엘에게 환상 해석 (수산 환상)</name><description>BC 551–539 · BC 551~539년, 천사 가브리엘이 수산 성 환상과 70이레 예언을 다니엘에게 해석해 주었다. '기름 부음을 받은 자'가 올 때까지의 시간표가 담겨 있다(단 9:24-27). (단 8:2, 16; 9:21) / 📍 수산: 수사 유적(이란 슈쉬) 기준 — 확실</description><styleUrl>#pC78BE8</styleUrl><Point><coordinates>48.25800,32.18900,0</coordinates></Point></Placemark>
<Placemark><name>56. 고레스 — 바벨론 정복, 귀환 칙령(538)</name><description>BC 539 · BC 539년, 페르시아 왕 고레스가 바벨론을 점령하고, 이듬해 '여호와의 성전을 건축하라'며 유다 포로들의 귀환을 명령했다. 이사야가 약 150년 전에 그 이름까지 예언했다(사 45:1). (스 1:1-4; 사 45:1) / 📍 바벨론: 바빌론 유적(이라크 힐라 인근) 기준 — 확실</description><styleUrl>#p9A9A9A</styleUrl><Point><coordinates>44.39727,32.53222,0</coordinates></Point></Placemark>
<Placemark><name>57. 미가엘 — 힛데겔 강가의 다니엘</name><description>BC 536 · BC 536년, 고레스 3년에 다니엘이 21일 동안 금식하며 기도할 때, 힛데겔 강가에서 천사가 나타나 '너희 군주 미가엘'이 바사 군주와 싸우며 자신을 도왔다고 알려 주었다. (단 10:4, 13, 21) / 📍 힛데겔(티그리스) 강가: 힛데겔 = 티그리스 강 — 다니엘이 선 지점 불명, 바그다드 부근 강가로 임의 표시</description><styleUrl>#pC78BE8</styleUrl><Point><coordinates>44.40000,33.30000,0</coordinates></Point></Placemark>
<Placemark><name>58. 1차 귀환 — 스룹바벨·예수아</name><description>BC 538 · BC 538년, 여고냐의 손자 스룹바벨과 대제사장 예수아가 약 5만 명을 이끌고 바벨론에서 예루살렘으로 1차 귀환해 제단을 쌓고 성전 기초를 놓았다. (스 1-2) / 📍 성전 터: 스룹바벨과 예수아가 제단을 쌓은 곳(스 3:2)</description><styleUrl>#p5CC98A</styleUrl><Point><coordinates>35.23545,31.77805,0</coordinates></Point></Placemark>
<Placemark><name>59. 학개·스가랴 — 성전 재건 완공(516)</name><description>BC 520–516 · BC 520~516년, 방해로 멈췄던 성전 공사를 선지자 학개와 스가랴가 다시 일으켜, 다리오 왕 6년(BC 516)에 제2성전이 완공되었다. 성전이 불탄 지 약 70년 만이었다. (스 5-6; 학 1-2) / 📍 성전 터: 학개·스가랴의 격려로 제2성전이 완공된 곳(스 6:15)</description><styleUrl>#pC78BE8</styleUrl><Point><coordinates>35.23545,31.77805,0</coordinates></Point></Placemark>
<Placemark><name>60. 에스더·모르드개 — 수산 궁 (아비훗 세대 추정)</name><description>BC 486–465 · BC 486~465년, 페르시아 왕 아하수에로 때 수산 궁에서 왕비가 된 에스더와 사촌 모르드개가 하만의 유대인 학살 음모를 막아 냈다. 모르드개 집안은 여고냐와 함께 끌려간 사람들이었다(에 2:6). (에 2:5-6) / 📍 수산: 수사 유적(이란 슈쉬) 기준 — 확실</description><styleUrl>#p5CC98A</styleUrl><Point><coordinates>48.24915,32.19711,0</coordinates></Point></Placemark>
<Placemark><name>61. 에스라 귀환</name><description>BC 458 · BC 458년, 제사장이자 학사 에스라가 아닥사스다 왕의 허락을 받아 2차 귀환을 이끌고 예루살렘에 와서 율법을 가르치고 이방 혼인을 회개시켰다. (스 7-8) / 📍 예루살렘: 성전산(모리아산) 기준 — 같은 곳의 여러 사건은 조금씩 흩어 표시</description><styleUrl>#p5CC98A</styleUrl><Point><coordinates>35.22945,31.73201,0</coordinates></Point></Placemark>
<Placemark><name>62. 느헤미야 — 수산에서 예루살렘으로, 성벽 52일</name><description>BC 445 · BC 445년, 수산 궁에서 왕의 술 맡은 관원이던 느헤미야가 예루살렘 성벽이 무너졌다는 소식에 울며 기도한 뒤 총독으로 가서 52일 만에 성벽을 재건했다. (느 1-2, 6:15) / 📍 예루살렘: 성전산(모리아산) 기준 — 같은 곳의 여러 사건은 조금씩 흩어 표시</description><styleUrl>#p5CC98A</styleUrl><Point><coordinates>35.27208,31.80906,0</coordinates></Point></Placemark>
<Placemark><name>63. 말라기 — 구약 마지막 선지자</name><description>BC 430경 · BC 430년경, 구약의 마지막 선지자 말라기가 형식적인 예배를 책망하며 '내 사자를 보내리니 그가 내 앞에서 길을 준비할 것이요'(말 3:1)라고 예언했다. 이후 약 400년간 선지자가 없었다. (말 3:1; 4:5) / 📍 성전: 말라기가 책망한 예배의 자리</description><styleUrl>#pC78BE8</styleUrl><Point><coordinates>35.23545,31.77805,0</coordinates></Point></Placemark>
<Placemark><name>64. 알렉산더 대왕 — 동방 원정 (사독 세대 추정)</name><description>BC 334–332 · BC 334~332년, 마케도니아의 알렉산더 대왕이 페르시아를 무너뜨리고 두로를 함락한 뒤 애굽에 알렉산드리아를 세웠다(요세푸스는 그가 예루살렘에 들렀다고 전함). 이후 헬라어가 세계 공용어가 된다. (단 8:5-8 해석 참고) / 📍 알렉산드리아: 현 알렉산드리아(이집트) 기준</description><styleUrl>#p9A9A9A</styleUrl><Point><coordinates>29.91870,31.20010,0</coordinates></Point></Placemark>
<Placemark><name>65. 프톨레미 왕조 — 알렉산드리아에서 70인역 번역 (엘리웃 세대 추정)</name><description>BC 3세기 · BC 3세기, 알렉산더 사후 애굽을 차지한 프톨레미 왕조 아래 알렉산드리아에서 구약성경이 헬라어로 번역되었다(70인역). 신약 저자들이 자주 인용한 번역본이다. (성경 밖 역사) / 📍 알렉산드리아: 현 알렉산드리아(이집트) 기준</description><styleUrl>#p9A9A9A</styleUrl><Point><coordinates>29.90985,31.20821,0</coordinates></Point></Placemark>
<Placemark><name>66. 안티오쿠스 4세 — 성전 모독 (엘르아살 세대 추정)</name><description>BC 167 · BC 167년, 시리아 셀류시드 왕 안티오쿠스 4세 에피파네스가 예루살렘 성전에 제우스 제단을 세우고 부정한 제물을 바쳐 성전을 더럽히고 율법을 금지했다. (단 11:31 해석 참고) / 📍 성전: 안티오쿠스 4세가 제우스 제단을 세운 곳</description><styleUrl>#p9A9A9A</styleUrl><Point><coordinates>35.23545,31.77805,0</coordinates></Point></Placemark>
<Placemark><name>67. 마카비 — 성전 정화, 수전절(하누카)</name><description>BC 164 · BC 164년, 모데인의 제사장 맛디아의 아들 유다 마카비가 예루살렘을 되찾아 성전을 정결하게 하고 다시 봉헌했다. 이것이 수전절(하누카)의 기원이다(요 10:22). (요 10:22) / 📍 성전: 마카비가 성전을 정결하게 하고 봉헌한 곳(수전절)</description><styleUrl>#p9A9A9A</styleUrl><Point><coordinates>35.23545,31.77805,0</coordinates></Point></Placemark>
<Placemark><name>68. 로마 폼페이우스 — 예루살렘 점령 (야곱 세대 추정)</name><description>BC 63 · BC 63년, 로마 장군 폼페이우스가 하스몬 왕조의 내분을 틈타 예루살렘을 점령하고 지성소에까지 들어갔다. 이때부터 유대는 로마의 지배를 받는다. (성경 밖 역사) / 📍 성전: 폼페이우스가 지성소까지 들어간 곳</description><styleUrl>#p9A9A9A</styleUrl><Point><coordinates>35.23545,31.77805,0</coordinates></Point></Placemark>
<Placemark><name>69. 헤롯 대왕 — 성전 증축 (요셉 세대)</name><description>BC 37–4 · BC 37~4년, 로마가 세운 에돔 출신 헤롯 대왕이 BC 20년경부터 성전을 대대적으로 증축했다. 예수님 시대의 '46년 동안 지은 성전'이 바로 이것이다(요 2:20). (요 2:20) / 📍 헤롯 성전: BC 20년경부터 헤롯이 대증축한 성전</description><styleUrl>#p5CC98A</styleUrl><Point><coordinates>35.23545,31.77805,0</coordinates></Point></Placemark>
<Placemark><name>70. 가브리엘 — 성전의 사가랴에게</name><description>BC 7경 · BC 7년경, 성전에서 분향하던 제사장 사가랴에게 천사 가브리엘이 나타나, 늙은 아내 엘리사벳이 엘리야의 심령으로 주의 길을 예비할 아들 요한을 낳을 것이라 알렸다. (눅 1:11-19) / 📍 성소: 사가랴가 분향하던 성소에서 가브리엘을 만남(눅 1:11)</description><styleUrl>#pC78BE8</styleUrl><Point><coordinates>35.23545,31.77805,0</coordinates></Point></Placemark>
<Placemark><name>71. 가브리엘 — 나사렛의 마리아에게</name><description>BC 6경 · BC 6년경, 천사 가브리엘이 갈릴리 나사렛의 처녀 마리아에게 나타나 '성령이 네게 임하시고… 나실 바 거룩한 이는 하나님의 아들이라'며 예수님의 잉태를 알렸다. (눅 1:26-38) / 📍 나사렛: 수태고지 교회 기준</description><styleUrl>#pC78BE8</styleUrl><Point><coordinates>35.30350,32.69960,0</coordinates></Point></Placemark>
<Placemark><name>72. 요셉과 마리아, 베들레헴으로 — 예수 탄생</name><description>BC 6–4 · BC 6~4년, 아우구스투스의 호적 명령으로 다윗의 자손 요셉이 약혼자 마리아와 나사렛에서 베들레헴으로 내려갔고, 그곳 구유에서 예수님이 태어나셨다(미 5:2 성취). (눅 2:1-7; 마 1:18-25) / 📍 베들레헴: 현 베들레헴(예수 탄생 교회) 기준</description><styleUrl>#p5CC98A</styleUrl><Point><coordinates>35.20388,31.68849,0</coordinates></Point></Placemark>
<Placemark><name>73. 세례 요한 — 요단강에서 주의 길을 예비</name><description>AD 28–29 · AD 28~29년경, 사가랴의 아들 세례 요한이 요단강 건너편 베다니에서 회개의 세례를 베풀며 '보라 세상 죄를 지고 가는 하나님의 어린 양이로다'라고 예수님을 가리켰다. (마 3; 요 1:28) / 📍 요단강 베다니: 알-마그타스(요르단 쪽 세례 터, 유네스코 2015) — '요단강 건너편 베다니'(요 1:28) 전통 위치</description><styleUrl>#pC78BE8</styleUrl><Point><coordinates>35.55100,31.83700,0</coordinates></Point></Placemark>
<Placemark><name>74. 예수 그리스도 — 예루살렘, 십자가와 부활</name><description>AD 30–33 · AD 30~33년경, 나사렛에서 자라신 예수님이 예루살렘에 올라가 유월절에 십자가에 못 박히시고 사흘 만에 부활하셨다. 그 순간 성소 휘장이 위에서 아래로 찢어졌다(마 27:51). (마 26-28) / 📍 골고다(전통 위치): 예수님이 십자가에 못 박히신 곳 — 성묘교회 부근(전통)</description><styleUrl>#p5CC98A</styleUrl><Point><coordinates>35.22960,31.77840,0</coordinates></Point></Placemark>
<Placemark><name>53 → 예루살렘 → 다바네스</name><description>예레미야 — 애굽 다바네스로 끌려감</description><styleUrl>#lC78BE8</styleUrl><MultiGeometry><LineString><tessellate>1</tessellate><coordinates>35.23540,31.77810,0 35.09282,31.70319,0 34.94927,31.63193,0 34.80476,31.56430,0 34.65927,31.50032,0 34.51282,31.43998,0 34.36541,31.38329,0 34.21702,31.33023,0 34.06767,31.28082,0 33.91735,31.23505,0 33.76607,31.19293,0 33.61381,31.15444,0 33.46059,31.11960,0 33.30640,31.08840,0 33.15125,31.06085,0 32.99512,31.03693,0 32.83803,31.01666,0 32.67998,31.00003,0 32.52095,30.98705,0 32.36096,30.97770,0 32.20000,30.97200,0</coordinates></LineString><Polygon><outerBoundaryIs><LinearRing><coordinates>32.20000,30.97200,0 32.22116,30.96359,0 32.21997,30.98234,0 32.20000,30.97200,0</coordinates></LinearRing></outerBoundaryIs></Polygon></MultiGeometry></Placemark>
<Placemark><name>56 → 바사(파사르가대) → 바벨론</name><description>고레스 — 바벨론 정복, 귀환 칙령(538)</description><styleUrl>#l9A9A9A</styleUrl><MultiGeometry><LineString><tessellate>1</tessellate><coordinates>53.17900,30.20200,0 52.76771,30.41856,0 52.35361,30.62461,0 51.93672,30.82016,0 51.51702,31.00519,0 51.09452,31.17971,0 50.66922,31.34373,0 50.24112,31.49723,0 49.81022,31.64023,0 49.37652,31.77271,0 48.94001,31.89469,0 48.50071,32.00615,0 48.05860,32.10711,0 47.61369,32.19755,0 47.16598,32.27749,0 46.71547,32.34691,0 46.26216,32.40583,0 45.80605,32.45424,0 45.34713,32.49213,0 44.88542,32.51952,0 44.42090,32.53640,0</coordinates></LineString><Polygon><outerBoundaryIs><LinearRing><coordinates>44.42090,32.53640,0 44.44118,32.52603,0 44.44244,32.54477,0 44.42090,32.53640,0</coordinates></LinearRing></outerBoundaryIs></Polygon></MultiGeometry></Placemark>
<Placemark><name>58 → 바벨론 → 예루살렘</name><description>1차 귀환 — 스룹바벨·예수아</description><styleUrl>#l5CC98A</styleUrl><MultiGeometry><LineString><tessellate>1</tessellate><coordinates>44.42090,32.53640,0 43.95298,32.60320,0 43.48597,32.65898,0 43.01987,32.70373,0 42.55468,32.73746,0 42.09040,32.76017,0 41.62703,32.77186,0 41.16457,32.77252,0 40.70302,32.76216,0 40.24238,32.74078,0 39.78265,32.70838,0 39.32383,32.66495,0 38.86592,32.61050,0 38.40892,32.54503,0 37.95283,32.46854,0 37.49765,32.38102,0 37.04338,32.28248,0 36.59002,32.17292,0 36.13757,32.05234,0 35.68603,31.92073,0 35.23540,31.77810,0</coordinates></LineString><Polygon><outerBoundaryIs><LinearRing><coordinates>35.23540,31.77810,0 35.25868,31.77520,0 35.25124,31.79289,0 35.23540,31.77810,0</coordinates></LinearRing></outerBoundaryIs></Polygon></MultiGeometry></Placemark>
<Placemark><name>61 → 바벨론 → 예루살렘</name><description>에스라 귀환</description><styleUrl>#l5CC98A</styleUrl><MultiGeometry><LineString><tessellate>1</tessellate><coordinates>44.42090,32.53640,0 43.97027,32.39377,0 43.51873,32.26216,0 43.06628,32.14158,0 42.61292,32.03202,0 42.15865,31.93348,0 41.70347,31.84596,0 41.24738,31.76947,0 40.79038,31.70400,0 40.33247,31.64955,0 39.87365,31.60612,0 39.41392,31.57372,0 38.95328,31.55234,0 38.49173,31.54198,0 38.02927,31.54264,0 37.56590,31.55433,0 37.10162,31.57704,0 36.63643,31.61077,0 36.17033,31.65552,0 35.70332,31.71130,0 35.23540,31.77810,0</coordinates></LineString><Polygon><outerBoundaryIs><LinearRing><coordinates>35.23540,31.77810,0 35.25425,31.76613,0 35.25761,31.78469,0 35.23540,31.77810,0</coordinates></LinearRing></outerBoundaryIs></Polygon></MultiGeometry></Placemark>
<Placemark><name>62 → 수산 → 예루살렘</name><description>느헤미야 — 수산에서 예루살렘으로, 성벽 52일</description><styleUrl>#l5CC98A</styleUrl><MultiGeometry><LineString><tessellate>1</tessellate><coordinates>48.25800,32.18900,0 47.60219,32.31691,0 46.94686,32.42920,0 46.29204,32.52586,0 45.63770,32.60689,0 44.98386,32.67229,0 44.33051,32.72207,0 43.67765,32.75622,0 43.02529,32.77474,0 42.37342,32.77764,0 41.72205,32.76491,0 41.07116,32.73655,0 40.42077,32.69256,0 39.77087,32.63295,0 39.12147,32.55771,0 38.47256,32.46684,0 37.82414,32.36035,0 37.17622,32.23823,0 36.52878,32.10048,0 35.88185,31.94710,0 35.23540,31.77810,0</coordinates></LineString><Polygon><outerBoundaryIs><LinearRing><coordinates>35.23540,31.77810,0 35.25844,31.77406,0 35.25223,31.79208,0 35.23540,31.77810,0</coordinates></LinearRing></outerBoundaryIs></Polygon></MultiGeometry></Placemark>
<Placemark><name>64 → 펠라(마케도니아) → 예루살렘 → 알렉산드리아</name><description>알렉산더 대왕 — 동방 원정 (사독 세대 추정)</description><styleUrl>#l9A9A9A</styleUrl><MultiGeometry><LineString><tessellate>1</tessellate><coordinates>22.52500,40.76000,0 23.05813,40.16601,0 23.60203,39.58727,0 24.15671,39.02378,0 24.72218,38.47554,0 25.29841,37.94256,0 25.88543,37.42483,0 26.48323,36.92235,0 27.09180,36.43512,0 27.71116,35.96315,0 28.34129,35.50643,0 28.98220,35.06496,0 29.63388,34.63874,0 30.29635,34.22778,0 30.96959,33.83207,0 31.65361,33.45161,0 32.34842,33.08640,0 33.05399,32.73645,0 33.77035,32.40175,0 34.49749,32.08230,0 35.23540,31.77810,0 34.96298,31.80981,0 34.69125,31.83514,0 34.42021,31.85409,0 34.14986,31.86666,0 33.88021,31.87285,0 33.61126,31.87266,0 33.34300,31.86609,0 33.07543,31.85314,0 32.80855,31.83381,0 32.54237,31.80810,0 32.27688,31.77601,0 32.01209,31.73754,0 31.74799,31.69269,0 31.48458,31.64146,0 31.22187,31.58385,0 30.95984,31.51986,0 30.69852,31.44949,0 30.43789,31.37274,0 30.17795,31.28961,0 29.91870,31.20010,0</coordinates></LineString><Polygon><outerBoundaryIs><LinearRing><coordinates>29.91870,31.20010,0 29.94192,31.19775,0 29.93396,31.21525,0 29.91870,31.20010,0</coordinates></LinearRing></outerBoundaryIs></Polygon></MultiGeometry></Placemark>
<Placemark><name>66 → 안디옥 → 예루살렘</name><description>안티오쿠스 4세 — 성전 모독 (엘르아살 세대 추정)</description><styleUrl>#l9A9A9A</styleUrl><MultiGeometry><LineString><tessellate>1</tessellate><coordinates>36.16040,36.20210,0 36.06372,35.99144,0 35.97234,35.77968,0 35.88628,35.56680,0 35.80552,35.35282,0 35.73007,35.13772,0 35.65993,34.92152,0 35.59510,34.70421,0 35.53558,34.48578,0 35.48136,34.26625,0 35.43246,34.04560,0 35.38886,33.82384,0 35.35058,33.60098,0 35.31760,33.37700,0 35.28993,33.15192,0 35.26757,32.92572,0 35.25052,32.69842,0 35.23878,32.47000,0 35.23234,32.24048,0 35.23122,32.00984,0 35.23540,31.77810,0</coordinates></LineString><Polygon><outerBoundaryIs><LinearRing><coordinates>35.23540,31.77810,0 35.24633,31.79581,0 35.22424,31.79571,0 35.23540,31.77810,0</coordinates></LinearRing></outerBoundaryIs></Polygon></MultiGeometry></Placemark>
<Placemark><name>67 → 모데인 → 예루살렘</name><description>마카비 — 성전 정화, 수전절(하누카)</description><styleUrl>#l9A9A9A</styleUrl><MultiGeometry><LineString><tessellate>1</tessellate><coordinates>34.96000,31.93000,0 34.97550,31.92554,0 34.99082,31.92076,0 35.00596,31.91564,0 35.02091,31.91020,0 35.03569,31.90442,0 35.05028,31.89831,0 35.06468,31.89187,0 35.07891,31.88510,0 35.09295,31.87800,0 35.10681,31.87057,0 35.12049,31.86281,0 35.13399,31.85472,0 35.14730,31.84630,0 35.16044,31.83755,0 35.17339,31.82847,0 35.18615,31.81906,0 35.19874,31.80931,0 35.21114,31.79924,0 35.22336,31.78883,0 35.23540,31.77810,0</coordinates></LineString><Polygon><outerBoundaryIs><LinearRing><coordinates>35.23540,31.77810,0 35.22880,31.79730,0 35.21299,31.78418,0 35.23540,31.77810,0</coordinates></LinearRing></outerBoundaryIs></Polygon></MultiGeometry></Placemark>
<Placemark><name>68 → 로마 → 예루살렘</name><description>로마 폼페이우스 — 예루살렘 점령 (야곱 세대 추정)</description><styleUrl>#l9A9A9A</styleUrl><MultiGeometry><LineString><tessellate>1</tessellate><coordinates>12.49220,41.89020,0 13.51408,41.12532,0 14.54810,40.38774,0 15.59425,39.67744,0 16.65254,38.99444,0 17.72296,38.33873,0 18.80551,37.71031,0 19.90020,37.10919,0 21.00702,36.53535,0 22.12598,35.98881,0 23.25707,35.46956,0 24.40030,34.97760,0 25.55566,34.51293,0 26.72316,34.07556,0 27.90279,33.66547,0 29.09456,33.28268,0 30.29846,32.92718,0 31.51449,32.59897,0 32.74266,32.29806,0 33.98296,32.02443,0 35.23540,31.77810,0</coordinates></LineString><Polygon><outerBoundaryIs><LinearRing><coordinates>35.23540,31.77810,0 35.21786,31.79143,0 35.21259,31.77319,0 35.23540,31.77810,0</coordinates></LinearRing></outerBoundaryIs></Polygon></MultiGeometry></Placemark>
<Placemark><name>72 → 나사렛 → 베들레헴</name><description>요셉과 마리아, 베들레헴으로 — 예수 탄생</description><styleUrl>#l5CC98A</styleUrl><MultiGeometry><LineString><tessellate>1</tessellate><coordinates>35.30350,32.69960,0 35.28711,32.65104,0 35.27192,32.60236,0 35.25791,32.55356,0 35.24510,32.50464,0 35.23349,32.45560,0 35.22306,32.40644,0 35.21383,32.35715,0 35.20579,32.30774,0 35.19895,32.25822,0 35.19330,32.20857,0 35.18884,32.15880,0 35.18557,32.10890,0 35.18350,32.05889,0 35.18262,32.00876,0 35.18294,31.95850,0 35.18444,31.90812,0 35.18714,31.85762,0 35.19104,31.80700,0 35.19612,31.75626,0 35.20240,31.70540,0</coordinates></LineString><Polygon><outerBoundaryIs><LinearRing><coordinates>35.20240,31.70540,0 35.21142,31.72387,0 35.18945,31.72209,0 35.20240,31.70540,0</coordinates></LinearRing></outerBoundaryIs></Polygon></MultiGeometry></Placemark>
<Placemark><name>74 → 나사렛 → 예루살렘</name><description>예수 그리스도 — 예루살렘, 십자가와 부활</description><styleUrl>#l5CC98A</styleUrl><MultiGeometry><LineString><tessellate>1</tessellate><coordinates>35.30350,32.69960,0 35.28959,32.65430,0 35.27679,32.60892,0 35.26509,32.56346,0 35.25449,32.51792,0 35.24501,32.47229,0 35.23663,32.42658,0 35.22935,32.38079,0 35.22318,32.33492,0 35.21812,32.28897,0 35.21416,32.24294,0 35.21131,32.19682,0 35.20956,32.15062,0 35.20892,32.10434,0 35.20939,32.05798,0 35.21096,32.01154,0 35.21363,31.96502,0 35.21742,31.91841,0 35.22231,31.87172,0 35.22830,31.82495,0 35.23540,31.77810,0</coordinates></LineString><Polygon><outerBoundaryIs><LinearRing><coordinates>35.23540,31.77810,0 35.24392,31.79674,0 35.22198,31.79453,0 35.23540,31.77810,0</coordinates></LinearRing></outerBoundaryIs></Polygon></MultiGeometry></Placemark>
</Folder>
<Folder><name>유다 멸망 상세 (D1–D38)</name>
<Placemark><name>D1. 갈그미스 전투 — 애굽의 몰락</name><description>BC 605 5~6월경 · BC 605년 여름, 바벨론 왕세자 느부갓네살이 유프라테스 강가 갈그미스에서 애굽 바로 느고의 군대를 격파했다. 이후 애굽은 다시는 국경 밖으로 나오지 못했다. (왕하 24:7; 렘 46:2 · 바벨론 연대기) / 📍 갈그미스: 카르케미시 유적(튀르키예–시리아 국경, 유프라테스 강가) 기준 — 확실</description><styleUrl>#pFF8C42</styleUrl><Point><coordinates>38.01440,36.82960,0</coordinates></Point></Placemark>
<Placemark><name>D2. 느부갓네살, 바벨론 왕으로 즉위</name><description>BC 605.9.7 (엘룰월 1일) · BC 605년 9월 7일, 아버지 나보폴라살이 죽었다는 소식에 느부갓네살이 급히 돌아가 바벨론 왕으로 즉위했다. 이후 43년 동안 다스린다. (바벨론 연대기) / 📍 바벨론: 바빌론 유적(이라크 힐라 인근) 기준 — 확실</description><styleUrl>#pFF8C42</styleUrl><Point><coordinates>44.44354,32.52200,0</coordinates></Point></Placemark>
<Placemark><name>D3. 여호야김 항복 — 3년 조공</name><description>BC 604 겨울 · BC 604년 겨울, 블레셋의 아스글론을 함락한 느부갓네살 앞에 유다 왕 여호야김이 항복하고 3년 동안 조공을 바쳤다. (왕하 24:1) / 📍 왕궁 구역(추정): 여호야김이 바벨론 왕에게 복속한 곳 — 성전·왕궁 보물이 조공으로 나감</description><styleUrl>#pFF8C42</styleUrl><Point><coordinates>35.23680,31.77650,0</coordinates></Point></Placemark>
<Placemark><name>D4. 바벨론–애굽 충돌, 여호야김의 배반</name><description>BC 601 11~12월 · BC 601년 겨울, 바벨론과 애굽이 국경에서 맞붙어 양쪽 모두 큰 손실을 입었다. 이 틈에 여호야김이 바벨론을 배반했다. (왕하 24:1 · 바벨론 연대기) / 📍 애굽 국경(펠루시움): 펠루시움(텔 엘-파라마) — 애굽 동쪽 관문, BC 601 충돌 지점 대표(정확 위치 미상)</description><styleUrl>#pFF8C42</styleUrl><Point><coordinates>32.54500,31.04200,0</coordinates></Point></Placemark>
<Placemark><name>D5. 바벨론 군대가 유다를 침</name><description>BC 599~598 · BC 599~598년, 하나님이 선지자들을 통해 말씀하신 대로 바벨론·아람·모압·암몬의 군대를 보내 유다를 치게 하셨다. 므낫세의 모든 죄, 특히 무죄한 피로 예루살렘을 가득 채운 죄 때문이었다. (왕하 24:2-4) / 📍 북쪽 진입로(추정): 예루살렘 북쪽 — 침입군이 내려오던 길 (사 10:28-32 참고)</description><styleUrl>#pFF8C42</styleUrl><Point><coordinates>35.23120,31.78380,0</coordinates></Point></Placemark>
<Placemark><name>D5. 아람 약탈대</name><description>BC 599~598 · 아람(다메섹) 쪽 약탈대가 북쪽에서 유다를 쳤다. (왕하 24:2) / 📍 예루살렘: 성전산(모리아산) 기준 — 같은 곳의 여러 사건은 조금씩 흩어 표시</description><styleUrl>#pFF8C42</styleUrl><Point><coordinates>35.29097,31.75249,0</coordinates></Point></Placemark>
<Placemark><name>D5. 모압 약탈대</name><description>BC 599~598 · 모압 약탈대가 요단 동편에서 쳐들어왔다. (왕하 24:2) / 📍 예루살렘: 성전산(모리아산) 기준 — 같은 곳의 여러 사건은 조금씩 흩어 표시</description><styleUrl>#pFF8C42</styleUrl><Point><coordinates>35.21127,31.83560,0</coordinates></Point></Placemark>
<Placemark><name>D5. 암몬 약탈대</name><description>BC 599~598 · 암몬 약탈대도 함께 유다를 쳤다. (왕하 24:2) / 📍 예루살렘: 성전산(모리아산) 기준 — 같은 곳의 여러 사건은 조금씩 흩어 표시</description><styleUrl>#pFF8C42</styleUrl><Point><coordinates>35.21397,31.71833,0</coordinates></Point></Placemark>
<Placemark><name>D6. 여호야김 사망, 여호야긴 즉위</name><description>BC 598.12월 · BC 598년 12월, 느부갓네살이 다시 출정했고 그 무렵(12월 9일경) 여호야김이 죽었다. 18세 아들 여호야긴이 왕이 되어 석 달을 다스렸다. (왕하 24:6-9 · 바벨론 연대기) / 📍 왕궁 구역(추정): 여호야김 사후 18세 여호야긴이 즉위한 왕궁</description><styleUrl>#pFF8C42</styleUrl><Point><coordinates>35.23680,31.77650,0</coordinates></Point></Placemark>
<Placemark><name>D7. 여호야긴 항복</name><description>BC 597.3.16 (아달월 2일) · BC 597년 3월 16일, 포위된 예루살렘에 느부갓네살이 직접 오자 여호야긴이 어머니 느후스다와 신하들과 함께 나가 항복했다. 이 날짜는 바벨론 연대기에 그대로 기록되어 있다. (왕하 24:10-12 · 바벨론 연대기) / 📍 북쪽 성문 밖(추정): 여호야긴이 어머니·신하와 함께 나가 바벨론 왕 앞에 항복(왕하 24:12)</description><styleUrl>#pFF8C42</styleUrl><Point><coordinates>35.23120,31.78420,0</coordinates></Point></Placemark>
<Placemark><name>D8. 1차 대규모 포로 — 여호야긴과 1만 명</name><description>BC 597 봄 (4.22경) · BC 597년 봄, 바벨론이 성전과 왕궁의 보물을 가져가고 솔로몬이 만든 금그릇을 깨뜨렸다. 여호야긴과 왕실, 용사 7천, 기술자 1천 등 1만 명이 끌려갔다(렘 52:28은 3,023명으로 기록). 제사장 에스겔도 이때 끌려갔다. (왕하 24:13-16; 렘 52:28) / 📍 이슈타르 문 일대: 끌려온 포로들이 들어온 바벨론 중심부(근사)</description><styleUrl>#pFF8C42</styleUrl><Point><coordinates>44.42090,32.54210,0</coordinates></Point></Placemark>
<Placemark><name>D9. 시드기야(21세) 즉위</name><description>BC 597 봄 · 느부갓네살이 여호야긴의 삼촌 맛다니야의 이름을 시드기야로 바꿔 21세에 왕으로 세웠다. 어머니는 립나 사람 하무달. 그도 여호와 보시기에 악을 행했다. (왕하 24:17-19; 렘 52:1-2) / 📍 왕궁 구역(추정): 느부갓네살이 세운 허수아비 왕의 즉위 장소</description><styleUrl>#pFF8C42</styleUrl><Point><coordinates>35.23680,31.77650,0</coordinates></Point></Placemark>
<Placemark><name>D10. 시드기야의 배반</name><description>BC 589경 · BC 589년경, 시드기야가 하나님의 이름으로 한 맹세를 깨고 애굽을 의지해 바벨론을 배반했다. (왕하 24:20; 렘 52:3; 겔 17:13-19) / 📍 왕궁 구역(추정): 애굽과 손잡고 바벨론에 반기를 든 결정이 내려진 곳</description><styleUrl>#pFF8C42</styleUrl><Point><coordinates>35.23680,31.77650,0</coordinates></Point></Placemark>
<Placemark><name>D11. 예루살렘 포위 시작</name><description>BC 588.1.15 (시드기야 9년 10월 10일) · BC 588년 1월 15일, 느부갓네살이 모든 군대를 이끌고 와서 예루살렘 둘레에 토성을 쌓고 포위했다. 바벨론의 에스겔도 같은 날을 기록했다. 왕은 시리아의 립나에 본진을 두었다. (왕하 25:1; 렘 39:1; 52:4; 겔 24:1-2) / 📍 북쪽 바벨론 진영(추정): 토성을 쌓고 포위를 시작한 곳 — 예루살렘이 가장 취약한 북쪽(추정)</description><styleUrl>#pFF8C42</styleUrl><Point><coordinates>35.23120,31.78380,0</coordinates></Point></Placemark>
<Placemark><name>D12. 감옥의 예레미야, 에벳멜렉 구원 약속</name><description>BC 588~586 (포위 중) · 포위가 이어지던 중, 궁중 감옥 뜰에 갇힌 예레미야에게 하나님이 구스 사람 에벳멜렉을 위한 말씀을 주셨다. 그는 진흙 구덩이에서 예레미야를 건져낸 사람이었다. '네가 나를 신뢰하였으니 칼에 죽지 않고 살리라.' (렘 39:15-18; 38:7-13) / 📍 시위대 뜰(추정): 예레미야가 갇혀 있던 궁중 감옥 뜰 — 에벳멜렉에게 약속이 임함(렘 39:15)</description><styleUrl>#pFF8C42</styleUrl><Point><coordinates>35.23620,31.77700,0</coordinates></Point></Placemark>
<Placemark><name>D13. 기근, 그리고 성벽이 뚫림</name><description>BC 586.7.18 (11년 4월 9일) · BC 586년 7월 18일, 18개월 포위 끝에 성 안의 식량이 다 떨어지고 성벽이 뚫렸다. 바벨론 대신들이 들어와 중문에 앉았다—네르갈사레셀, 삼갈느보, 살스김(이 이름이 새겨진 바벨론 토판이 2007년 확인됨). (왕하 25:2-4; 렘 39:2-3; 52:5-7) / 📍 북쪽 성벽의 뚫린 곳(추정): BC 586.7.18 성벽이 뚫리고 바벨론 대신들이 '중문'에 앉음(렘 39:3) — 정확 위치는 추정</description><styleUrl>#pFF8C42</styleUrl><Point><coordinates>35.23180,31.78220,0</coordinates></Point></Placemark>
<Placemark><name>D14. 유다 군대의 야간 도주 — 시드기야도 함께</name><description>BC 586.7.18 밤 · 그날 밤, 바벨론 군대가 성을 에워싸고 있는데도 유다 군대가 왕의 동산 곁 '두 성벽 사이의 문'으로 빠져나가 요단 계곡(아라바) 쪽으로 도망했다. 시드기야 왕도 함께였다(렘 39:4). (왕하 25:4; 렘 39:4; 52:7) / 📍 여리고 가는 광야길: 예루살렘에서 아라바(요단 계곡) 쪽으로 내려가는 옛길 — 개략</description><styleUrl>#pFF8C42</styleUrl><Point><coordinates>35.35000,31.80000,0</coordinates></Point></Placemark>
<Placemark><name>D15. 여리고 평지에서 시드기야 생포</name><description>BC 586.7월 하순 · 바벨론 군대가 뒤쫓아와 여리고 평지에서 시드기야를 사로잡았고, 그의 군대는 뿔뿔이 흩어졌다. 여리고는 이스라엘이 처음 가나안에 들어와 무너뜨린 성이었다. (왕하 25:5; 렘 39:5; 52:8) / 📍 여리고 평지(요단 쪽): 시드기야가 붙잡힌 곳(왕하 25:5) — 여리고 성터에서 동쪽 평지</description><styleUrl>#pFF8C42</styleUrl><Point><coordinates>35.49500,31.84300,0</coordinates></Point></Placemark>
<Placemark><name>D16. 립나의 심판 — 아들들의 죽음, 두 눈이 뽑힘</name><description>BC 586.7~8월 · 시드기야는 하맛 땅 립나로 끌려가 느부갓네살 앞에서 심문을 받았다. 그의 눈앞에서 아들들과 유다의 대신들이 처형되었고, 그 후 그의 두 눈이 뽑혔다. (왕하 25:6-7; 렘 39:5-7; 52:9-11) / 📍 립나: 리블라(Ribleh, 시리아 홈스 남서) 마을 일대 기준 — 통설. 느부갓네살의 본진(왕하 25:6)</description><styleUrl>#pFF8C42</styleUrl><Point><coordinates>36.50785,34.42481,0</coordinates></Point></Placemark>
<Placemark><name>D16. 시드기야, 바벨론 감옥에서 죽을 때까지</name><description>BC 586 이후 · 쇠사슬에 묶인 시드기야는 바벨론으로 끌려가 죽는 날까지 감옥에 갇혔다. '바벨론 왕의 눈을 보리라'(렘 34:3)와 '그 땅을 보지 못하리라'(겔 12:13)가 둘 다 이루어졌다. (렘 52:11; 34:3; 겔 12:13) / 📍 바벨론: 바빌론 유적(이라크 힐라 인근) 기준 — 확실</description><styleUrl>#pFF8C42</styleUrl><Point><coordinates>44.40627,32.50822,0</coordinates></Point></Placemark>
<Placemark><name>D17. ★ 성전이 불타던 날</name><description>BC 586.8.14 (19년 5월 7일 · 렘 52:12은 10일=8.17) · 경호대장 느부사라단이 예루살렘에 와서 여호와의 성전과 왕궁, 모든 집과 큰 건물을 불사르고 성벽을 헐었다. 렘 52:12은 10일로 기록(7일 도착·10일 방화로 보기도 함). 솔로몬 성전이 선 지 약 370년 만이었고, 유대인은 지금도 아브월 9일에 금식하며 이날을 기억한다. (왕하 25:8-10; 렘 39:8; 52:12-14) / 📍 성전산: 여호와의 성전·왕궁·모든 집이 불탄 자리(왕하 25:9)</description><styleUrl>#pFF8C42</styleUrl><Point><coordinates>35.23545,31.77805,0</coordinates></Point></Placemark>
<Placemark><name>D18. 성전 기구 약탈 — 놋기둥·놋바다·놋소</name><description>BC 586.8월 · 솔로몬이 만든 놋기둥 두 개(높이 8.1m, 둘레 5.4m, 속이 빈 기둥, 석류 장식 각 100개), 놋바다와 그것을 받친 놋소 열두 마리, 놋받침을 깨뜨려 가져갔다. 놋이 너무 많아 무게를 달 수 없었다. 기둥머리 높이는 왕하 3규빗, 렘 5규빗으로 다르게 적혀 있다. (왕하 25:13-17; 렘 52:17-23) / 📍 성전산: 놋기둥(야긴과 보아스)·놋바다·놋소를 깨뜨려 가져간 자리(왕하 25:13)</description><styleUrl>#pFF8C42</styleUrl><Point><coordinates>35.23545,31.77805,0</coordinates></Point></Placemark>
<Placemark><name>D19. 남은 백성 포로 — 가장 가난한 자만 남음</name><description>BC 586.8월 · 느부사라단이 성에 남은 백성과 항복한 사람들을 포로로 끌고 갔다. 포로들은 예루살렘 북쪽 라마에 모였다가 떠났다(렘 40:1). 가장 가난한 사람들만 남겨 포도원과 밭을 맡겼다. 렘 52:29은 이때 예루살렘 사람 832명이라고 기록한다. (왕하 25:11-12; 렘 39:9-10; 52:15-16, 29) / 📍 이슈타르 문 일대: 포로 행렬이 도착한 바벨론 중심부(근사)</description><styleUrl>#pFF8C42</styleUrl><Point><coordinates>44.42090,32.54210,0</coordinates></Point></Placemark>
<Placemark><name>D20. 예레미야, 궁중 감옥에서 풀려남 · 에벳멜렉 구원</name><description>BC 586.8월 · 느부갓네살이 예레미야를 잘 돌보라고 명령했고, 바벨론 대신들이 그를 궁중 감옥에서 꺼내 그달랴에게 맡겼다. 에벳멜렉에게 하신 구원의 약속도 이루어졌다. (렘 39:11-14) / 📍 시위대 뜰(추정): 느부사라단의 사람들이 예레미야를 감옥 뜰에서 꺼낸 곳(렘 39:14)</description><styleUrl>#pFF8C42</styleUrl><Point><coordinates>35.23620,31.77700,0</coordinates></Point></Placemark>
<Placemark><name>D21. 라마에서 쇠사슬이 풀림 → 미스바로</name><description>BC 586.8월 · 예레미야는 다시 포로 행렬에 섞여 쇠사슬에 묶인 채 라마까지 끌려갔다. 느부사라단이 그를 풀어 주며 '네 하나님이 말씀하신 대로 행하셨다'고 말하고, 양식과 선물을 주어 보냈다. 예레미야는 미스바의 그달랴에게 갔다. (렘 40:1-6) / 📍 미스바: 텔 엔-나스베 유적 기준 — 통설(네비 삼윌설도 있음)</description><styleUrl>#pFF8C42</styleUrl><Point><coordinates>35.21700,31.88700,0</coordinates></Point></Placemark>
<Placemark><name>D22. 지도자들 처형 — '유다가 본토에서 떠났더라'</name><description>BC 586.8월 · 대제사장 스라야, 부제사장 스바냐, 성전 문지기 세 명, 군 지휘관, 왕의 보좌관(왕하 5명·렘 7명), 징집 서기관, 백성 60명이 립나로 끌려가 처형되었다. '이와 같이 유다가 사로잡혀 본토에서 떠났더라'(왕하 25:21). (왕하 25:18-21; 렘 52:24-27) / 📍 립나: 리블라(Ribleh, 시리아 홈스 남서) 마을 일대 기준 — 통설. 느부갓네살의 본진(왕하 25:6)</description><styleUrl>#pFF8C42</styleUrl><Point><coordinates>36.51818,34.39979,0</coordinates></Point></Placemark>
<Placemark><name>D23. 그달랴, 유다 총독이 됨</name><description>BC 586 · 느부갓네살이 사반의 손자, 아히감의 아들 그달랴를 총독으로 세워 남은 사람들을 다스리게 했다. 그의 집안은 예레미야를 보호했던 가문이었다(렘 26:24). (왕하 25:22; 렘 40:5) / 📍 미스바 성문 지대: 느부갓네살이 세운 총독 그달랴의 관저</description><styleUrl>#pFF8C42</styleUrl><Point><coordinates>35.21750,31.88800,0</coordinates></Point></Placemark>
<Placemark><name>D24. 지휘관들이 모임 — 그달랴의 맹세</name><description>BC 586 여름~가을 · 들에 숨어 있던 지휘관들—이스마엘, 요하난, 스라야, 야아사냐—이 미스바로 왔다. 그달랴는 '바벨론 왕을 섬기면 무사할 것이니 이 땅에 정착해 포도주와 여름 과일과 기름을 거두라'고 맹세했다. (왕하 25:23-24; 렘 40:7-10) / 📍 미스바 성문 지대: 지휘관들이 그달랴 앞에 모인 곳(렘 40:7-10)</description><styleUrl>#pFF8C42</styleUrl><Point><coordinates>35.21750,31.88800,0</coordinates></Point></Placemark>
<Placemark><name>D25. 흩어진 유대인들의 귀환과 풍성한 수확 (모압)</name><description>BC 586 가을 · 모압·암몬·에돔 등 각지로 흩어졌던 유대인들이 그달랴 소식을 듣고 돌아왔다. 그해 그들은 포도주와 여름 과일을 아주 많이 거두었다—심판 뒤에 주어진 짧은 회복의 계절이었다. (렘 40:11-12) / 📍 미스바: 텔 엔-나스베 유적 기준 — 통설(네비 삼윌설도 있음)</description><styleUrl>#pFF8C42</styleUrl><Point><coordinates>35.22964,31.90350,0</coordinates></Point></Placemark>
<Placemark><name>D25. 암몬에서 돌아옴</name><description>BC 586 가을 · 암몬 땅에 피했던 유대인들도 돌아왔다. (렘 40:11) / 📍 미스바: 텔 엔-나스베 유적 기준 — 통설(네비 삼윌설도 있음)</description><styleUrl>#pFF8C42</styleUrl><Point><coordinates>35.19337,31.88282,0</coordinates></Point></Placemark>
<Placemark><name>D25. 에돔에서 돌아옴</name><description>BC 586 가을 · 에돔 땅에 피했던 유대인들도 돌아왔다. (렘 40:11) / 📍 미스바: 텔 엔-나스베 유적 기준 — 통설(네비 삼윌설도 있음)</description><styleUrl>#pFF8C42</styleUrl><Point><coordinates>35.23964,31.87260,0</coordinates></Point></Placemark>
<Placemark><name>D26. 요하난의 경고, 믿지 않은 그달랴</name><description>BC 586 가을 · 요하난이 '암몬 왕 바알리스가 당신을 죽이려고 이스마엘을 보냈다'고 경고하며 몰래 이스마엘을 죽이겠다고 했지만, 그달랴는 믿지 않고 막았다. (렘 40:13-16) / 📍 그달랴 관저(추정): 요하난이 몰래 경고한 곳(렘 40:13-16)</description><styleUrl>#pFF8C42</styleUrl><Point><coordinates>35.21680,31.88720,0</coordinates></Point></Placemark>
<Placemark><name>D27. 그달랴 암살</name><description>BC 586.10월경 (식사 중 · 582년설도) · 그해 일곱째 달(티쉬리월), 왕족 이스마엘이 부하 10명과 함께 미스바에서 그달랴와 식사하던 중 일어나 그를 칼로 죽이고, 함께 있던 유대인과 바벨론 군인들까지 죽였다. 유대인은 지금도 티쉬리월 3일을 '그달랴 금식일'로 지킨다. BC 582년으로 보는 학자들도 있다. (왕하 25:25; 렘 41:1-3) / 📍 그달랴 관저(추정): 식사 중 이스마엘이 그달랴를 칼로 친 곳(렘 41:1-3)</description><styleUrl>#pFF8C42</styleUrl><Point><coordinates>35.21680,31.88720,0</coordinates></Point></Placemark>
<Placemark><name>D28. 성전으로 가던 순례자 80명 학살 (세겜)</name><description>다음 날 · 다음 날, 수염을 깎고 옷을 찢은 채 소제물과 향을 들고 무너진 성전으로 가던 80명이 세겜·실로·사마리아에서 왔다. 이스마엘은 울며 맞으러 나가 그들을 성 안으로 끌어들여 죽이고 아사 왕이 판 구덩이에 던졌다. 숨겨 둔 곡식이 있다고 한 10명만 살려 주었다. (렘 41:4-9) / 📍 아사 왕의 구덩이(추정): 이스마엘이 시체를 던져 넣은 큰 구덩이 — 아사 왕이 바아사를 막으려 판 것(렘 41:9)</description><styleUrl>#pFF8C42</styleUrl><Point><coordinates>35.21600,31.88680,0</coordinates></Point></Placemark>
<Placemark><name>D28. 실로에서 온 순례자들</name><description>다음 날 · 실로에서 온 순례자들도 함께였다. (렘 41:5) / 📍 미스바: 텔 엔-나스베 유적 기준 — 통설(네비 삼윌설도 있음)</description><styleUrl>#pFF8C42</styleUrl><Point><coordinates>35.18372,31.90073,0</coordinates></Point></Placemark>
<Placemark><name>D28. 사마리아에서 온 순례자들</name><description>다음 날 · 사마리아에서 온 순례자들도 함께였다. (렘 41:5) / 📍 미스바: 텔 엔-나스베 유적 기준 — 통설(네비 삼윌설도 있음)</description><styleUrl>#pFF8C42</styleUrl><Point><coordinates>35.23310,31.85264,0</coordinates></Point></Placemark>
<Placemark><name>D29. 이스마엘, 백성을 사로잡아 암몬으로</name><description>직후 · 이스마엘이 왕의 딸들과 미스바에 남은 백성을 모두 사로잡아 암몬 땅으로 떠났다. (렘 41:10) / 📍 기브온: 엘-지브 유적 기준 — '기브온 큰 못'(바위 우물) 발굴로 확인</description><styleUrl>#pFF8C42</styleUrl><Point><coordinates>35.18500,31.84700,0</coordinates></Point></Placemark>
<Placemark><name>D30. 기브온 큰 못가의 구출</name><description>직후 · 요하난과 지휘관들이 뒤쫓아 기브온 큰 못가에서 이스마엘을 따라잡았다. 끌려가던 백성들이 요하난을 보고 기뻐하며 달려갔다. 기브온 큰 못은 발굴로 확인된 거대한 바위 우물이다. (렘 41:11-14) / 📍 기브온 큰 못: 요하난이 이스마엘을 따라잡은 곳 — 발굴로 확인된 바위 우물(렘 41:12)</description><styleUrl>#pFF8C42</styleUrl><Point><coordinates>35.18530,31.84780,0</coordinates></Point></Placemark>
<Placemark><name>D30. 이스마엘과 8명, 암몬으로 도주</name><description>직후 · 이스마엘은 부하 8명과 함께 요하난을 피해 암몬으로 도망쳤다. (렘 41:15) / 📍 암몬(랍바): 랍바(현 요르단 암만 성채) — 암몬 수도</description><styleUrl>#pFF8C42</styleUrl><Point><coordinates>35.93400,31.95400,0</coordinates></Point></Placemark>
<Placemark><name>D31. 베들레헴 근처 게룻김함에 머묾</name><description>BC 586 말 · 요하난 일행은 바벨론의 보복이 두려워 애굽으로 가려고 베들레헴 근처 게룻김함에 머물렀다. (렘 41:16-18) / 📍 게룻김함: 위치 불명 — '베들레헴 근처'(렘 41:17), 베들레헴 북쪽으로 임의 표시</description><styleUrl>#pFF8C42</styleUrl><Point><coordinates>35.21500,31.73000,0</coordinates></Point></Placemark>
<Placemark><name>D32. 기도 요청 — '무슨 말씀이든 순종하겠습니다'</name><description>BC 586 말 · 지휘관들과 온 백성이 예레미야에게 와서 '하나님 말씀이 좋든 싫든 그대로 순종하겠다'고 맹세하며 기도를 부탁했다. (렘 42:1-6) / 📍 게룻김함: 위치 불명 — '베들레헴 근처'(렘 41:17), 베들레헴 북쪽으로 임의 표시</description><styleUrl>#pFF8C42</styleUrl><Point><coordinates>35.20615,31.73811,0</coordinates></Point></Placemark>
<Placemark><name>D33. 하나님의 응답 — '이 땅에 머물라'</name><description>10일 후 · 열흘 뒤 하나님의 응답이 왔다. '이 땅에 머물면 내가 너희를 세우고 헐지 않으리라. 바벨론 왕을 두려워 말라. 그러나 애굽으로 가면 너희가 두려워하는 칼과 기근이 거기까지 따라가리라.' (렘 42:7-22) / 📍 게룻김함: 위치 불명 — '베들레헴 근처'(렘 41:17), 베들레헴 북쪽으로 임의 표시</description><styleUrl>#pFF8C42</styleUrl><Point><coordinates>35.21648,31.71309,0</coordinates></Point></Placemark>
<Placemark><name>D34. 말씀을 거부하고 애굽 다바네스로</name><description>BC 586 말 (또는 582) · 그들은 '당신은 거짓말을 한다, 바룩이 선동했다'며 말씀을 거부하고 예레미야와 바룩까지 데리고 애굽 다바네스로 내려갔다. 출애굽으로 나왔던 그 땅으로 스스로 돌아간 것이다. (렘 43:1-7) / 📍 다바네스: 텔 데펜네(나일 삼각주 동부) 기준 — 통설</description><styleUrl>#pFF8C42</styleUrl><Point><coordinates>32.19115,30.98011,0</coordinates></Point></Placemark>
<Placemark><name>D35. 바로 궁 입구에 돌을 묻는 예언</name><description>다바네스에서 · 다바네스에서 예레미야는 사람들이 보는 앞에서 바로 궁 입구 벽돌 바닥에 큰 돌들을 묻었다. '바벨론 왕이 와서 이 돌 위에 보좌를 놓으리라.' (렘 43:8-10) / 📍 다바네스: 텔 데펜네(나일 삼각주 동부) 기준 — 통설</description><styleUrl>#pFF8C42</styleUrl><Point><coordinates>32.20148,30.95509,0</coordinates></Point></Placemark>
<Placemark><name>D35. 헬리오폴리스의 주상이 깨지리라</name><description>다바네스에서 · '그가 애굽 신전들을 불사르고 헬리오폴리스(벧세메스)의 주상들을 깨뜨리리라.' (렘 43:11-13) / 📍 헬리오폴리스: 헬리오폴리스(온·벧세메스, 현 카이로 마타리야 오벨리스크) 기준 — 확실</description><styleUrl>#pFF8C42</styleUrl><Point><coordinates>31.30700,30.12900,0</coordinates></Point></Placemark>
<Placemark><name>D36. 3차 포로 — 745명</name><description>BC 582/581 (느부갓네살 23년) · BC 582년, 느부사라단이 유다 사람 745명을 또 잡아갔다. 세 차례 포로 합계 4,600명(렘 52:28-30). 그달랴 암살에 대한 바벨론의 보복으로 보는 견해가 있다. (렘 52:30) / 📍 이슈타르 문 일대: 745명이 도착한 바벨론 중심부(근사)</description><styleUrl>#pFF8C42</styleUrl><Point><coordinates>44.42090,32.54210,0</coordinates></Point></Placemark>
<Placemark><name>D37. 예언 성취 — 느부갓네살의 애굽 원정</name><description>BC 568/567 (느부갓네살 37년) · BC 568/567년, 느부갓네살이 애굽을 침공했다는 기록이 바벨론 토판 조각(BM 33041)에 남아 있다. 다바네스에서 한 예레미야의 예언과 연결된다. (렘 43:10-13; 겔 29:19 · BM 33041) / 📍 애굽(멤피스): 고대 수도 멤피스(현 미트 라히나) — '애굽'을 대표하는 지점으로 선택</description><styleUrl>#pFF8C42</styleUrl><Point><coordinates>31.24135,29.85271,0</coordinates></Point></Placemark>
<Placemark><name>D38. 여호야긴 석방 — 왕의 식탁</name><description>BC 561 3월 말~4월 초 (12월 27일 · 렘은 25일) · 새 왕 에윌므로닥이 즉위하던 해, 포로 37년째인 여호야긴을 감옥에서 풀어 주었다. 다른 포로 왕들보다 높은 자리를 주었고, 그는 죄수복을 벗고 죽는 날까지 왕의 식탁에서 먹었다. 바벨론 궁정 토판에도 '유다 왕 야우킨'의 식량 배급이 기록되어 있다. (왕하 25:27-30; 렘 52:31-34) / 📍 바벨론 남궁(근사): 에윌므로닥이 여호야긴을 감옥에서 꺼내 왕의 식탁에 앉힌 궁전(왕하 25:27-30)</description><styleUrl>#pFF8C42</styleUrl><Point><coordinates>44.41950,32.53950,0</coordinates></Point></Placemark>
<Placemark><name>D1 → 바벨론 → 마리(유프라테스) → 갈그미스</name><description>갈그미스 전투 — 애굽의 몰락</description><styleUrl>#lFF8C42</styleUrl><MultiGeometry><LineString><tessellate>1</tessellate><coordinates>44.42090,32.53640,0 44.22136,32.59677,0 44.02424,32.66137,0 43.82953,32.73021,0 43.63724,32.80330,0 43.44736,32.88061,0 43.25989,32.96217,0 43.07485,33.04797,0 42.89221,33.13800,0 42.71200,33.23228,0 42.53419,33.33079,0 42.35881,33.43354,0 42.18583,33.54052,0 42.01528,33.65175,0 41.84713,33.76721,0 41.68141,33.88691,0 41.51810,34.01086,0 41.35720,34.13903,0 41.19872,34.27145,0 41.04265,34.40811,0 40.88900,34.54900,0 40.71927,34.63026,0 40.55228,34.71497,0 40.38802,34.80313,0 40.22650,34.89474,0 40.06772,34.98979,0 39.91168,35.08830,0 39.75837,35.19026,0 39.60780,35.29566,0 39.45996,35.40452,0 39.31486,35.51682,0 39.17250,35.63258,0 39.03288,35.75178,0 38.89599,35.87444,0 38.76184,36.00054,0 38.63042,36.13009,0 38.50174,36.26310,0 38.37580,36.39955,0 38.25260,36.53945,0 38.13213,36.68280,0 38.01440,36.82960,0</coordinates></LineString><Polygon><outerBoundaryIs><LinearRing><coordinates>38.01440,36.82960,0 38.01671,36.80969,0 38.03632,36.82000,0 38.01440,36.82960,0</coordinates></LinearRing></outerBoundaryIs></Polygon></MultiGeometry></Placemark>
<Placemark><name>D2 → 갈그미스 → 다드몰(사막길) → 바벨론</name><description>느부갓네살, 바벨론 왕으로 즉위</description><styleUrl>#lFF8C42</styleUrl><MultiGeometry><LineString><tessellate>1</tessellate><coordinates>38.01440,36.82960,0 38.00110,36.71278,0 37.99054,36.59626,0 37.98271,36.48005,0 37.97762,36.36414,0 37.97526,36.24854,0 37.97564,36.13324,0 37.97875,36.01824,0 37.98459,35.90355,0 37.99317,35.78917,0 38.00448,35.67508,0 38.01853,35.56131,0 38.03531,35.44783,0 38.05483,35.33466,0 38.07708,35.22180,0 38.10206,35.10924,0 38.12978,34.99698,0 38.16023,34.88503,0 38.19342,34.77338,0 38.22934,34.66204,0 38.26800,34.55100,0 38.55268,34.38013,0 38.83977,34.21664,0 39.12929,34.06053,0 39.42122,33.91181,0 39.71557,33.77047,0 40.01233,33.63651,0 40.31152,33.50994,0 40.61312,33.39075,0 40.91714,33.27895,0 41.22357,33.17453,0 41.53243,33.07749,0 41.84370,32.98783,0 42.15739,32.90556,0 42.47349,32.83067,0 42.79202,32.76317,0 43.11296,32.70305,0 43.43632,32.65031,0 43.76209,32.60496,0 44.09029,32.56699,0 44.42090,32.53640,0</coordinates></LineString><Polygon><outerBoundaryIs><LinearRing><coordinates>44.42090,32.53640,0 44.40148,32.54788,0 44.39875,32.52924,0 44.42090,32.53640,0</coordinates></LinearRing></outerBoundaryIs></Polygon></MultiGeometry></Placemark>
<Placemark><name>D3 → 바벨론 → 마리(유프라테스) → 갈그미스 → 하맛 → 립나 → 하솔 → 아스글론 → 예루살렘</name><description>여호야김 항복 — 3년 조공</description><styleUrl>#lFF8C42</styleUrl><MultiGeometry><LineString><tessellate>1</tessellate><coordinates>44.42090,32.53640,0 44.22136,32.59677,0 44.02424,32.66137,0 43.82953,32.73021,0 43.63724,32.80330,0 43.44736,32.88061,0 43.25989,32.96217,0 43.07485,33.04797,0 42.89221,33.13800,0 42.71200,33.23228,0 42.53419,33.33079,0 42.35881,33.43354,0 42.18583,33.54052,0 42.01528,33.65175,0 41.84713,33.76721,0 41.68141,33.88691,0 41.51810,34.01086,0 41.35720,34.13903,0 41.19872,34.27145,0 41.04265,34.40811,0 40.88900,34.54900,0 40.71927,34.63026,0 40.55228,34.71497,0 40.38802,34.80313,0 40.22650,34.89474,0 40.06772,34.98979,0 39.91168,35.08830,0 39.75837,35.19026,0 39.60780,35.29566,0 39.45996,35.40452,0 39.31486,35.51682,0 39.17250,35.63258,0 39.03288,35.75178,0 38.89599,35.87444,0 38.76184,36.00054,0 38.63042,36.13009,0 38.50174,36.26310,0 38.37580,36.39955,0 38.25260,36.53945,0 38.13213,36.68280,0 38.01440,36.82960,0 37.97089,36.73034,0 37.92535,36.63258,0 37.87777,36.53633,0 37.82815,36.44160,0 37.77649,36.34837,0 37.72279,36.25665,0 37.66705,36.16644,0 37.60928,36.07773,0 37.54947,35.99054,0 37.48762,35.90486,0 37.42373,35.82068,0 37.35780,35.73801,0 37.28983,35.65686,0 37.21983,35.57721,0 37.14779,35.49907,0 37.07371,35.42244,0 36.99759,35.34731,0 36.91943,35.27370,0 36.83923,35.20160,0 36.75700,35.13100,0 36.75313,35.09255,0 36.74840,35.05438,0 36.74281,35.01650,0 36.73637,34.97891,0 36.72907,34.94161,0 36.72091,34.90460,0 36.71190,34.86787,0 36.70202,34.83144,0 36.69129,34.79529,0 36.67971,34.75943,0 36.66726,34.72386,0 36.65396,34.68858,0 36.63981,34.65358,0 36.62479,34.61888,0 36.60892,34.58446,0 36.59219,34.55033,0 36.57460,34.51649,0 36.55616,34.48294,0 36.53686,34.44968,0 36.51670,34.41670,0 36.48522,34.33590,0 36.45206,34.25624,0 36.41723,34.17771,0 36.38071,34.10033,0 36.34251,34.02408,0 36.30263,33.94898,0 36.26108,33.87501,0 36.21784,33.80217,0 36.17293,33.73048,0 36.12633,33.65993,0 36.07806,33.59051,0 36.02810,33.52223,0 35.97647,33.45510,0 35.92315,33.38910,0 35.86816,33.32423,0 35.81149,33.26051,0 35.75314,33.19792,0 35.69310,33.13648,0 35.63139,33.07617,0 35.56800,33.01700,0 35.53273,32.93787,0 35.49583,32.85997,0 35.45731,32.78327,0 35.41717,32.70780,0 35.37541,32.63354,0 35.33203,32.56049,0 35.28703,32.48867,0 35.24040,32.41806,0 35.19215,32.34866,0 35.14228,32.28048,0 35.09079,32.21352,0 35.03768,32.14778,0 34.98295,32.08325,0 34.92659,32.01993,0 34.86861,31.95784,0 34.80901,31.89696,0 34.74779,31.83729,0 34.68495,31.77885,0 34.62049,31.72161,0 34.55440,31.66560,0 34.58717,31.67899,0 34.62007,31.69156,0 34.65311,31.70331,0 34.68628,31.71425,0 34.71959,31.72437,0 34.75303,31.73367,0 34.78661,31.74216,0 34.82032,31.74983,0 34.85417,31.75668,0 34.88815,31.76271,0 34.92227,31.76793,0 34.95652,31.77233,0 34.99091,31.77591,0 35.02543,31.77867,0 35.06009,31.78062,0 35.09488,31.78175,0 35.12981,31.78206,0 35.16487,31.78156,0 35.20007,31.78024,0 35.23540,31.77810,0</coordinates></LineString><Polygon><outerBoundaryIs><LinearRing><coordinates>35.23540,31.77810,0 35.21530,31.78849,0 35.21403,31.76974,0 35.23540,31.77810,0</coordinates></LinearRing></outerBoundaryIs></Polygon></MultiGeometry></Placemark>
<Placemark><name>D4 → 바벨론 → 마리(유프라테스) → 갈그미스 → 하맛 → 립나 → 하솔 → 가사 → 애굽 국경(펠루시움)</name><description>바벨론–애굽 충돌, 여호야김의 배반</description><styleUrl>#lFF8C42</styleUrl><MultiGeometry><LineString><tessellate>1</tessellate><coordinates>44.42090,32.53640,0 44.26725,32.67729,0 44.11118,32.81395,0 43.95270,32.94637,0 43.79180,33.07454,0 43.62849,33.19849,0 43.46277,33.31819,0 43.29462,33.43365,0 43.12407,33.54488,0 42.95109,33.65186,0 42.77571,33.75461,0 42.59790,33.85312,0 42.41769,33.94740,0 42.23505,34.03743,0 42.05001,34.12323,0 41.86254,34.20479,0 41.67266,34.28210,0 41.48037,34.35519,0 41.28566,34.42403,0 41.08854,34.48863,0 40.88900,34.54900,0 40.77127,34.69580,0 40.65080,34.83915,0 40.52760,34.97905,0 40.40166,35.11550,0 40.27298,35.24851,0 40.14156,35.37806,0 40.00741,35.50416,0 39.87052,35.62682,0 39.73090,35.74602,0 39.58854,35.86178,0 39.44344,35.97408,0 39.29560,36.08294,0 39.14503,36.18834,0 38.99172,36.29030,0 38.83568,36.38881,0 38.67690,36.48386,0 38.51538,36.57547,0 38.35112,36.66363,0 38.18413,36.74834,0 38.01440,36.82960,0 37.93217,36.75900,0 37.85197,36.68690,0 37.77381,36.61329,0 37.69769,36.53816,0 37.62361,36.46153,0 37.55157,36.38339,0 37.48157,36.30374,0 37.41360,36.22259,0 37.34767,36.13992,0 37.28378,36.05574,0 37.22193,35.97006,0 37.16212,35.88287,0 37.10435,35.79416,0 37.04861,35.70395,0 36.99491,35.61223,0 36.94325,35.51900,0 36.89363,35.42427,0 36.84605,35.32802,0 36.80051,35.23026,0 36.75700,35.13100,0 36.73684,35.09802,0 36.71754,35.06476,0 36.69910,35.03121,0 36.68151,34.99737,0 36.66478,34.96324,0 36.64891,34.92882,0 36.63389,34.89412,0 36.61974,34.85912,0 36.60644,34.82384,0 36.59399,34.78827,0 36.58241,34.75241,0 36.57168,34.71626,0 36.56180,34.67983,0 36.55279,34.64310,0 36.54463,34.60609,0 36.53733,34.56879,0 36.53089,34.53120,0 36.52530,34.49332,0 36.52057,34.45515,0 36.51670,34.41670,0 36.45331,34.35753,0 36.39160,34.29722,0 36.33156,34.23578,0 36.27321,34.17319,0 36.21654,34.10947,0 36.16155,34.04460,0 36.10823,33.97860,0 36.05660,33.91147,0 36.00664,33.84319,0 35.95837,33.77377,0 35.91177,33.70322,0 35.86686,33.63153,0 35.82362,33.55869,0 35.78207,33.48472,0 35.74219,33.40962,0 35.70399,33.33337,0 35.66747,33.25599,0 35.63264,33.17746,0 35.59948,33.09780,0 35.56800,33.01700,0 35.49555,32.95394,0 35.42492,32.88955,0 35.35610,32.82383,0 35.28910,32.75679,0 35.22391,32.68843,0 35.16054,32.61874,0 35.09899,32.54773,0 35.03925,32.47539,0 34.98133,32.40173,0 34.92522,32.32674,0 34.87093,32.25043,0 34.81845,32.17279,0 34.76779,32.09383,0 34.71894,32.01354,0 34.67191,31.93193,0 34.62670,31.84899,0 34.58330,31.76473,0 34.54172,31.67915,0 34.50195,31.59224,0 34.46400,31.50400,0 34.36278,31.50278,0 34.26212,31.49925,0 34.16201,31.49342,0 34.06246,31.48529,0 33.96346,31.47486,0 33.86502,31.46212,0 33.76712,31.44708,0 33.66979,31.42973,0 33.57301,31.41009,0 33.47678,31.38814,0 33.38111,31.36389,0 33.28599,31.33733,0 33.19142,31.30848,0 33.09742,31.27732,0 33.00396,31.24386,0 32.91106,31.20809,0 32.81871,31.17002,0 32.72692,31.12965,0 32.63568,31.08698,0 32.54500,31.04200,0</coordinates></LineString><Polygon><outerBoundaryIs><LinearRing><coordinates>32.54500,31.04200,0 32.56834,31.04247,0 32.55759,31.05884,0 32.54500,31.04200,0</coordinates></LinearRing></outerBoundaryIs></Polygon></MultiGeometry></Placemark>
<Placemark><name>D5 → 바벨론 → 마리(유프라테스) → 갈그미스 → 하맛 → 립나 → 하솔 → 예루살렘</name><description>바벨론 군대가 유다를 침</description><styleUrl>#lFF8C42</styleUrl><MultiGeometry><LineString><tessellate>1</tessellate><coordinates>44.42090,32.53640,0 44.22136,32.59677,0 44.02424,32.66137,0 43.82953,32.73021,0 43.63724,32.80330,0 43.44736,32.88061,0 43.25989,32.96217,0 43.07485,33.04797,0 42.89221,33.13800,0 42.71200,33.23228,0 42.53419,33.33079,0 42.35881,33.43354,0 42.18583,33.54052,0 42.01528,33.65175,0 41.84713,33.76721,0 41.68141,33.88691,0 41.51810,34.01086,0 41.35720,34.13903,0 41.19872,34.27145,0 41.04265,34.40811,0 40.88900,34.54900,0 40.71927,34.63026,0 40.55228,34.71497,0 40.38802,34.80313,0 40.22650,34.89474,0 40.06772,34.98979,0 39.91168,35.08830,0 39.75837,35.19026,0 39.60780,35.29566,0 39.45996,35.40452,0 39.31486,35.51682,0 39.17250,35.63258,0 39.03288,35.75178,0 38.89599,35.87444,0 38.76184,36.00054,0 38.63042,36.13009,0 38.50174,36.26310,0 38.37580,36.39955,0 38.25260,36.53945,0 38.13213,36.68280,0 38.01440,36.82960,0 37.97089,36.73034,0 37.92535,36.63258,0 37.87777,36.53633,0 37.82815,36.44160,0 37.77649,36.34837,0 37.72279,36.25665,0 37.66705,36.16644,0 37.60928,36.07773,0 37.54947,35.99054,0 37.48762,35.90486,0 37.42373,35.82068,0 37.35780,35.73801,0 37.28983,35.65686,0 37.21983,35.57721,0 37.14779,35.49907,0 37.07371,35.42244,0 36.99759,35.34731,0 36.91943,35.27370,0 36.83923,35.20160,0 36.75700,35.13100,0 36.75313,35.09255,0 36.74840,35.05438,0 36.74281,35.01650,0 36.73637,34.97891,0 36.72907,34.94161,0 36.72091,34.90460,0 36.71190,34.86787,0 36.70202,34.83144,0 36.69129,34.79529,0 36.67971,34.75943,0 36.66726,34.72386,0 36.65396,34.68858,0 36.63981,34.65358,0 36.62479,34.61888,0 36.60892,34.58446,0 36.59219,34.55033,0 36.57460,34.51649,0 36.55616,34.48294,0 36.53686,34.44968,0 36.51670,34.41670,0 36.48522,34.33590,0 36.45206,34.25624,0 36.41723,34.17771,0 36.38071,34.10033,0 36.34251,34.02408,0 36.30263,33.94898,0 36.26108,33.87501,0 36.21784,33.80217,0 36.17293,33.73048,0 36.12633,33.65993,0 36.07806,33.59051,0 36.02810,33.52223,0 35.97647,33.45510,0 35.92315,33.38910,0 35.86816,33.32423,0 35.81149,33.26051,0 35.75314,33.19792,0 35.69310,33.13648,0 35.63139,33.07617,0 35.56800,33.01700,0 35.56549,32.95126,0 35.56150,32.88593,0 35.55602,32.82099,0 35.54905,32.75645,0 35.54060,32.69231,0 35.53066,32.62857,0 35.51923,32.56523,0 35.50632,32.50228,0 35.49192,32.43974,0 35.47603,32.37759,0 35.45866,32.31585,0 35.43980,32.25450,0 35.41945,32.19356,0 35.39762,32.13301,0 35.37430,32.07286,0 35.34949,32.01311,0 35.32320,31.95376,0 35.29542,31.89481,0 35.26615,31.83625,0 35.23540,31.77810,0</coordinates></LineString><Polygon><outerBoundaryIs><LinearRing><coordinates>35.23540,31.77810,0 35.25384,31.79052,0 35.23360,31.79804,0 35.23540,31.77810,0</coordinates></LinearRing></outerBoundaryIs></Polygon></MultiGeometry></Placemark>
<Placemark><name>D5 → 다메섹(아람) → 하솔 → 예루살렘</name><description>아람 약탈대</description><styleUrl>#lFF8C42</styleUrl><MultiGeometry><LineString><tessellate>1</tessellate><coordinates>36.29200,33.51300,0 36.25015,33.49645,0 36.20889,33.47904,0 36.16822,33.46075,0 36.12815,33.44160,0 36.08868,33.42158,0 36.04980,33.40069,0 36.01152,33.37893,0 35.97383,33.35630,0 35.93674,33.33281,0 35.90024,33.30844,0 35.86434,33.28321,0 35.82903,33.25710,0 35.79432,33.23013,0 35.76020,33.20229,0 35.72668,33.17358,0 35.69375,33.14400,0 35.66142,33.11355,0 35.62969,33.08224,0 35.59855,33.05005,0 35.56800,33.01700,0 35.53725,32.95885,0 35.50798,32.90029,0 35.48020,32.84134,0 35.45391,32.78199,0 35.42910,32.72224,0 35.40578,32.66209,0 35.38395,32.60154,0 35.36360,32.54060,0 35.34474,32.47925,0 35.32737,32.41751,0 35.31148,32.35536,0 35.29708,32.29282,0 35.28417,32.22987,0 35.27274,32.16653,0 35.26280,32.10279,0 35.25435,32.03865,0 35.24738,31.97411,0 35.24190,31.90917,0 35.23791,31.84384,0 35.23540,31.77810,0</coordinates></LineString><Polygon><outerBoundaryIs><LinearRing><coordinates>35.23540,31.77810,0 35.24731,31.79535,0 35.22524,31.79614,0 35.23540,31.77810,0</coordinates></LinearRing></outerBoundaryIs></Polygon></MultiGeometry></Placemark>
<Placemark><name>D5 → 모압 → 예루살렘</name><description>모압 약탈대</description><styleUrl>#lFF8C42</styleUrl><MultiGeometry><LineString><tessellate>1</tessellate><coordinates>35.70000,31.18000,0 35.66995,31.20461,0 35.64062,31.22977,0 35.61201,31.25550,0 35.58411,31.28178,0 35.55694,31.30862,0 35.53048,31.33601,0 35.50473,31.36397,0 35.47971,31.39248,0 35.45540,31.42155,0 35.43181,31.45117,0 35.40894,31.48136,0 35.38679,31.51210,0 35.36535,31.54340,0 35.34464,31.57525,0 35.32464,31.60767,0 35.30535,31.64064,0 35.28679,31.67417,0 35.26894,31.70825,0 35.25181,31.74290,0 35.23540,31.77810,0</coordinates></LineString><Polygon><outerBoundaryIs><LinearRing><coordinates>35.23540,31.77810,0 35.23303,31.75820,0 35.25348,31.76530,0 35.23540,31.77810,0</coordinates></LinearRing></outerBoundaryIs></Polygon></MultiGeometry></Placemark>
<Placemark><name>D5 → 암몬(랍바) → 예루살렘</name><description>암몬 약탈대</description><styleUrl>#lFF8C42</styleUrl><MultiGeometry><LineString><tessellate>1</tessellate><coordinates>35.93400,31.95400,0 35.89706,31.95317,0 35.86034,31.95150,0 35.82383,31.94899,0 35.78753,31.94565,0 35.75143,31.94146,0 35.71555,31.93644,0 35.67989,31.93058,0 35.64443,31.92388,0 35.60918,31.91634,0 35.57415,31.90797,0 35.53932,31.89875,0 35.50471,31.88870,0 35.47031,31.87781,0 35.43611,31.86608,0 35.40213,31.85351,0 35.36837,31.84011,0 35.33481,31.82586,0 35.30146,31.81078,0 35.26832,31.79486,0 35.23540,31.77810,0</coordinates></LineString><Polygon><outerBoundaryIs><LinearRing><coordinates>35.23540,31.77810,0 35.25891,31.77887,0 35.24780,31.79510,0 35.23540,31.77810,0</coordinates></LinearRing></outerBoundaryIs></Polygon></MultiGeometry></Placemark>
<Placemark><name>D6 → 바벨론 → 마리(유프라테스) → 갈그미스 → 하맛 → 립나 → 하솔 → 예루살렘</name><description>여호야김 사망, 여호야긴 즉위</description><styleUrl>#lFF8C42</styleUrl><MultiGeometry><LineString><tessellate>1</tessellate><coordinates>44.42090,32.53640,0 44.22136,32.59677,0 44.02424,32.66137,0 43.82953,32.73021,0 43.63724,32.80330,0 43.44736,32.88061,0 43.25989,32.96217,0 43.07485,33.04797,0 42.89221,33.13800,0 42.71200,33.23228,0 42.53419,33.33079,0 42.35881,33.43354,0 42.18583,33.54052,0 42.01528,33.65175,0 41.84713,33.76721,0 41.68141,33.88691,0 41.51810,34.01086,0 41.35720,34.13903,0 41.19872,34.27145,0 41.04265,34.40811,0 40.88900,34.54900,0 40.71927,34.63026,0 40.55228,34.71497,0 40.38802,34.80313,0 40.22650,34.89474,0 40.06772,34.98979,0 39.91168,35.08830,0 39.75837,35.19026,0 39.60780,35.29566,0 39.45996,35.40452,0 39.31486,35.51682,0 39.17250,35.63258,0 39.03288,35.75178,0 38.89599,35.87444,0 38.76184,36.00054,0 38.63042,36.13009,0 38.50174,36.26310,0 38.37580,36.39955,0 38.25260,36.53945,0 38.13213,36.68280,0 38.01440,36.82960,0 37.97089,36.73034,0 37.92535,36.63258,0 37.87777,36.53633,0 37.82815,36.44160,0 37.77649,36.34837,0 37.72279,36.25665,0 37.66705,36.16644,0 37.60928,36.07773,0 37.54947,35.99054,0 37.48762,35.90486,0 37.42373,35.82068,0 37.35780,35.73801,0 37.28983,35.65686,0 37.21983,35.57721,0 37.14779,35.49907,0 37.07371,35.42244,0 36.99759,35.34731,0 36.91943,35.27370,0 36.83923,35.20160,0 36.75700,35.13100,0 36.75313,35.09255,0 36.74840,35.05438,0 36.74281,35.01650,0 36.73637,34.97891,0 36.72907,34.94161,0 36.72091,34.90460,0 36.71190,34.86787,0 36.70202,34.83144,0 36.69129,34.79529,0 36.67971,34.75943,0 36.66726,34.72386,0 36.65396,34.68858,0 36.63981,34.65358,0 36.62479,34.61888,0 36.60892,34.58446,0 36.59219,34.55033,0 36.57460,34.51649,0 36.55616,34.48294,0 36.53686,34.44968,0 36.51670,34.41670,0 36.48522,34.33590,0 36.45206,34.25624,0 36.41723,34.17771,0 36.38071,34.10033,0 36.34251,34.02408,0 36.30263,33.94898,0 36.26108,33.87501,0 36.21784,33.80217,0 36.17293,33.73048,0 36.12633,33.65993,0 36.07806,33.59051,0 36.02810,33.52223,0 35.97647,33.45510,0 35.92315,33.38910,0 35.86816,33.32423,0 35.81149,33.26051,0 35.75314,33.19792,0 35.69310,33.13648,0 35.63139,33.07617,0 35.56800,33.01700,0 35.56549,32.95126,0 35.56150,32.88593,0 35.55602,32.82099,0 35.54905,32.75645,0 35.54060,32.69231,0 35.53066,32.62857,0 35.51923,32.56523,0 35.50632,32.50228,0 35.49192,32.43974,0 35.47603,32.37759,0 35.45866,32.31585,0 35.43980,32.25450,0 35.41945,32.19356,0 35.39762,32.13301,0 35.37430,32.07286,0 35.34949,32.01311,0 35.32320,31.95376,0 35.29542,31.89481,0 35.26615,31.83625,0 35.23540,31.77810,0</coordinates></LineString><Polygon><outerBoundaryIs><LinearRing><coordinates>35.23540,31.77810,0 35.25384,31.79052,0 35.23360,31.79804,0 35.23540,31.77810,0</coordinates></LinearRing></outerBoundaryIs></Polygon></MultiGeometry></Placemark>
<Placemark><name>D7 → 정밀 경로</name><description>여호야긴 항복</description><styleUrl>#lFF8C42</styleUrl><MultiGeometry><LineString><tessellate>1</tessellate><coordinates>35.23680,31.77650,0 35.23666,31.77666,0 35.23637,31.77697,0 35.23594,31.77744,0 35.23536,31.77806,0 35.23476,31.77872,0 35.23414,31.77941,0 35.23349,31.78012,0 35.23281,31.78088,0 35.23227,31.78158,0 35.23186,31.78223,0 35.23157,31.78282,0 35.23143,31.78337,0 35.23131,31.78379,0 35.23124,31.78406,0 35.23120,31.78420,0</coordinates></LineString><Polygon><outerBoundaryIs><LinearRing><coordinates>35.23120,31.78420,0 35.22513,31.76488,0 35.24665,31.76912,0 35.23120,31.78420,0</coordinates></LinearRing></outerBoundaryIs></Polygon></MultiGeometry></Placemark>
<Placemark><name>D8 → 예루살렘 → 하솔 → 립나 → 하맛 → 갈그미스 → 마리(유프라테스) → 바벨론</name><description>1차 대규모 포로 — 여호야긴과 1만 명</description><styleUrl>#lFF8C42</styleUrl><MultiGeometry><LineString><tessellate>1</tessellate><coordinates>35.23540,31.77810,0 35.23791,31.84384,0 35.24190,31.90917,0 35.24738,31.97411,0 35.25435,32.03865,0 35.26280,32.10279,0 35.27274,32.16653,0 35.28417,32.22987,0 35.29708,32.29282,0 35.31148,32.35536,0 35.32737,32.41751,0 35.34474,32.47925,0 35.36360,32.54060,0 35.38395,32.60154,0 35.40578,32.66209,0 35.42910,32.72224,0 35.45391,32.78199,0 35.48020,32.84134,0 35.50798,32.90029,0 35.53725,32.95885,0 35.56800,33.01700,0 35.59948,33.09780,0 35.63264,33.17746,0 35.66747,33.25599,0 35.70399,33.33337,0 35.74219,33.40962,0 35.78207,33.48472,0 35.82362,33.55869,0 35.86686,33.63153,0 35.91177,33.70322,0 35.95837,33.77377,0 36.00664,33.84319,0 36.05660,33.91147,0 36.10823,33.97860,0 36.16155,34.04460,0 36.21654,34.10947,0 36.27321,34.17319,0 36.33156,34.23578,0 36.39160,34.29722,0 36.45331,34.35753,0 36.51670,34.41670,0 36.52057,34.45515,0 36.52530,34.49332,0 36.53089,34.53120,0 36.53733,34.56879,0 36.54463,34.60609,0 36.55279,34.64310,0 36.56180,34.67983,0 36.57168,34.71626,0 36.58241,34.75241,0 36.59399,34.78827,0 36.60644,34.82384,0 36.61974,34.85912,0 36.63389,34.89412,0 36.64891,34.92882,0 36.66478,34.96324,0 36.68151,34.99737,0 36.69910,35.03121,0 36.71754,35.06476,0 36.73684,35.09802,0 36.75700,35.13100,0 36.80051,35.23026,0 36.84605,35.32802,0 36.89363,35.42427,0 36.94325,35.51900,0 36.99491,35.61223,0 37.04861,35.70395,0 37.10435,35.79416,0 37.16212,35.88287,0 37.22193,35.97006,0 37.28378,36.05574,0 37.34767,36.13992,0 37.41360,36.22259,0 37.48157,36.30374,0 37.55157,36.38339,0 37.62361,36.46153,0 37.69769,36.53816,0 37.77381,36.61329,0 37.85197,36.68690,0 37.93217,36.75900,0 38.01440,36.82960,0 38.18413,36.74834,0 38.35112,36.66363,0 38.51538,36.57547,0 38.67690,36.48386,0 38.83568,36.38881,0 38.99172,36.29030,0 39.14503,36.18834,0 39.29560,36.08294,0 39.44344,35.97408,0 39.58854,35.86178,0 39.73090,35.74602,0 39.87052,35.62682,0 40.00741,35.50416,0 40.14156,35.37806,0 40.27298,35.24851,0 40.40166,35.11550,0 40.52760,34.97905,0 40.65080,34.83915,0 40.77127,34.69580,0 40.88900,34.54900,0 41.08854,34.48863,0 41.28566,34.42403,0 41.48037,34.35519,0 41.67266,34.28210,0 41.86254,34.20479,0 42.05001,34.12323,0 42.23505,34.03743,0 42.41769,33.94740,0 42.59790,33.85312,0 42.77571,33.75461,0 42.95109,33.65186,0 43.12407,33.54488,0 43.29462,33.43365,0 43.46277,33.31819,0 43.62849,33.19849,0 43.79180,33.07454,0 43.95270,32.94637,0 44.11118,32.81395,0 44.26725,32.67729,0 44.42090,32.53640,0</coordinates></LineString><Polygon><outerBoundaryIs><LinearRing><coordinates>44.42090,32.53640,0 44.41466,32.55570,0 44.39844,32.54283,0 44.42090,32.53640,0</coordinates></LinearRing></outerBoundaryIs></Polygon></MultiGeometry></Placemark>
<Placemark><name>D11 → 바벨론 → 마리(유프라테스) → 갈그미스 → 하맛 → 립나 → 하솔 → 예루살렘</name><description>예루살렘 포위 시작</description><styleUrl>#lFF8C42</styleUrl><MultiGeometry><LineString><tessellate>1</tessellate><coordinates>44.42090,32.53640,0 44.26725,32.67729,0 44.11118,32.81395,0 43.95270,32.94637,0 43.79180,33.07454,0 43.62849,33.19849,0 43.46277,33.31819,0 43.29462,33.43365,0 43.12407,33.54488,0 42.95109,33.65186,0 42.77571,33.75461,0 42.59790,33.85312,0 42.41769,33.94740,0 42.23505,34.03743,0 42.05001,34.12323,0 41.86254,34.20479,0 41.67266,34.28210,0 41.48037,34.35519,0 41.28566,34.42403,0 41.08854,34.48863,0 40.88900,34.54900,0 40.77127,34.69580,0 40.65080,34.83915,0 40.52760,34.97905,0 40.40166,35.11550,0 40.27298,35.24851,0 40.14156,35.37806,0 40.00741,35.50416,0 39.87052,35.62682,0 39.73090,35.74602,0 39.58854,35.86178,0 39.44344,35.97408,0 39.29560,36.08294,0 39.14503,36.18834,0 38.99172,36.29030,0 38.83568,36.38881,0 38.67690,36.48386,0 38.51538,36.57547,0 38.35112,36.66363,0 38.18413,36.74834,0 38.01440,36.82960,0 37.93217,36.75900,0 37.85197,36.68690,0 37.77381,36.61329,0 37.69769,36.53816,0 37.62361,36.46153,0 37.55157,36.38339,0 37.48157,36.30374,0 37.41360,36.22259,0 37.34767,36.13992,0 37.28378,36.05574,0 37.22193,35.97006,0 37.16212,35.88287,0 37.10435,35.79416,0 37.04861,35.70395,0 36.99491,35.61223,0 36.94325,35.51900,0 36.89363,35.42427,0 36.84605,35.32802,0 36.80051,35.23026,0 36.75700,35.13100,0 36.73684,35.09802,0 36.71754,35.06476,0 36.69910,35.03121,0 36.68151,34.99737,0 36.66478,34.96324,0 36.64891,34.92882,0 36.63389,34.89412,0 36.61974,34.85912,0 36.60644,34.82384,0 36.59399,34.78827,0 36.58241,34.75241,0 36.57168,34.71626,0 36.56180,34.67983,0 36.55279,34.64310,0 36.54463,34.60609,0 36.53733,34.56879,0 36.53089,34.53120,0 36.52530,34.49332,0 36.52057,34.45515,0 36.51670,34.41670,0 36.45331,34.35753,0 36.39160,34.29722,0 36.33156,34.23578,0 36.27321,34.17319,0 36.21654,34.10947,0 36.16155,34.04460,0 36.10823,33.97860,0 36.05660,33.91147,0 36.00664,33.84319,0 35.95837,33.77377,0 35.91177,33.70322,0 35.86686,33.63153,0 35.82362,33.55869,0 35.78207,33.48472,0 35.74219,33.40962,0 35.70399,33.33337,0 35.66747,33.25599,0 35.63264,33.17746,0 35.59948,33.09780,0 35.56800,33.01700,0 35.53725,32.95885,0 35.50798,32.90029,0 35.48020,32.84134,0 35.45391,32.78199,0 35.42910,32.72224,0 35.40578,32.66209,0 35.38395,32.60154,0 35.36360,32.54060,0 35.34474,32.47925,0 35.32737,32.41751,0 35.31148,32.35536,0 35.29708,32.29282,0 35.28417,32.22987,0 35.27274,32.16653,0 35.26280,32.10279,0 35.25435,32.03865,0 35.24738,31.97411,0 35.24190,31.90917,0 35.23791,31.84384,0 35.24100,31.84700,0 35.24060,31.84637,0 35.24020,31.84573,0 35.23980,31.84510,0 35.23940,31.84446,0 35.23900,31.84383,0 35.23860,31.84319,0 35.23820,31.84256,0 35.23780,31.84192,0 35.23740,31.84129,0 35.23700,31.84066,0 35.23660,31.84002,0 35.23620,31.83939,0 35.23580,31.83875,0 35.23540,31.83812,0 35.23500,31.83748,0 35.23460,31.83685,0 35.23420,31.83622,0 35.23380,31.83558,0 35.23340,31.83495,0 35.23300,31.83431,0 35.23271,31.83366,0 35.23243,31.83301,0 35.23214,31.83235,0 35.23186,31.83170,0 35.23157,31.83105,0 35.23128,31.83039,0 35.23100,31.82974,0 35.23071,31.82909,0 35.23054,31.82842,0 35.23037,31.82774,0 35.23020,31.82707,0 35.23002,31.82640,0 35.22985,31.82573,0 35.22968,31.82506,0 35.22951,31.82438,0 35.22934,31.82371,0 35.22929,31.82310,0 35.22923,31.82248,0 35.22918,31.82187,0 35.22913,31.82126,0 35.22908,31.82064,0 35.22903,31.82003,0 35.22898,31.81942,0 35.22893,31.81880,0 35.22888,31.81819,0 35.22893,31.81756,0 35.22898,31.81693,0 35.22903,31.81630,0 35.22908,31.81567,0 35.22913,31.81503,0 35.22918,31.81440,0 35.22922,31.81377,0 35.22928,31.81314,0 35.22933,31.81251,0 35.22937,31.81190,0 35.22942,31.81129,0 35.22946,31.81067,0 35.22951,31.81006,0 35.22955,31.80945,0 35.22960,31.80883,0 35.22965,31.80822,0 35.22969,31.80761,0 35.22974,31.80699,0 35.22978,31.80632,0 35.22983,31.80565,0 35.22988,31.80498,0 35.22993,31.80431,0 35.22997,31.80364,0 35.23002,31.80297,0 35.23007,31.80230,0 35.23011,31.80163,0 35.23015,31.80098,0 35.23020,31.80033,0 35.23024,31.79968,0 35.23028,31.79903,0 35.23032,31.79838,0 35.23037,31.79773,0 35.23041,31.79708,0 35.23045,31.79642,0 35.23049,31.79579,0 35.23053,31.79516,0 35.23056,31.79453,0 35.23060,31.79390,0 35.23064,31.79327,0 35.23067,31.79264,0 35.23071,31.79201,0 35.23075,31.79138,0 35.23079,31.79074,0 35.23083,31.79011,0 35.23086,31.78948,0 35.23090,31.78885,0 35.23094,31.78822,0 35.23098,31.78759,0 35.23101,31.78696,0 35.23105,31.78632,0 35.23109,31.78569,0 35.23112,31.78506,0 35.23116,31.78443,0 35.23120,31.78380,0</coordinates></LineString><Polygon><outerBoundaryIs><LinearRing><coordinates>35.23540,31.77810,0 35.24731,31.79535,0 35.22524,31.79614,0 35.23540,31.77810,0</coordinates></LinearRing></outerBoundaryIs></Polygon></MultiGeometry></Placemark>
<Placemark><name>D14 → 예루살렘 → 왕의 동산(두 성벽 사이 문) → 베다니 길(감람산 동편) → 아라바 길(광야)</name><description>유다 군대의 야간 도주 — 시드기야도 함께</description><styleUrl>#lFF8C42</styleUrl><MultiGeometry><LineString><tessellate>1</tessellate><coordinates>35.23680,31.77650,0 35.23676,31.77632,0 35.23669,31.77597,0 35.23658,31.77545,0 35.23642,31.77475,0 35.23626,31.77402,0 35.23608,31.77327,0 35.23588,31.77248,0 35.23567,31.77167,0 35.23550,31.77098,0 35.23538,31.77042,0 35.23529,31.76998,0 35.23526,31.76967,0 35.23539,31.76937,0 35.23570,31.76909,0 35.23618,31.76883,0 35.23682,31.76857,0 35.23764,31.76830,0 35.23861,31.76800,0 35.23975,31.76768,0 35.24040,31.76750,0 35.24105,31.76732,0 35.24182,31.76721,0 35.24259,31.76709,0 35.24348,31.76703,0 35.24436,31.76696,0 35.24503,31.76696,0 35.24570,31.76695,0 35.24638,31.76695,0 35.24713,31.76698,0 35.24788,31.76702,0 35.24862,31.76705,0 35.24931,31.76711,0 35.25000,31.76717,0 35.25069,31.76724,0 35.25131,31.76733,0 35.25194,31.76742,0 35.25256,31.76751,0 35.25341,31.76769,0 35.25425,31.76787,0 35.25500,31.76810,0 35.25575,31.76832,0 35.25641,31.76856,0 35.25706,31.76880,0 35.25819,31.76930,0 35.25913,31.76982,0 35.25988,31.77038,0 35.26075,31.77068,0 35.26163,31.77099,0 35.26231,31.77117,0 35.26300,31.77134,0 35.26369,31.77151,0 35.26438,31.77168,0 35.26500,31.77181,0 35.26563,31.77193,0 35.26625,31.77206,0 35.26688,31.77219,0 35.26750,31.77231,0 35.26813,31.77244,0 35.26880,31.77256,0 35.26948,31.77267,0 35.27016,31.77279,0 35.27084,31.77291,0 35.27152,31.77303,0 35.27220,31.77314,0 35.27287,31.77326,0 35.27352,31.77336,0 35.27416,31.77346,0 35.27480,31.77355,0 35.27544,31.77365,0 35.27608,31.77375,0 35.27672,31.77384,0 35.27736,31.77394,0 35.27800,31.77404,0 35.27861,31.77412,0 35.27922,31.77420,0 35.27983,31.77428,0 35.28044,31.77436,0 35.28106,31.77444,0 35.28167,31.77452,0 35.28228,31.77460,0 35.28289,31.77468,0 35.28350,31.77476,0 35.28415,31.77484,0 35.28481,31.77491,0 35.28546,31.77499,0 35.28611,31.77506,0 35.28676,31.77514,0 35.28742,31.77521,0 35.28807,31.77529,0 35.28872,31.77536,0 35.28938,31.77544,0 35.29000,31.77550,0 35.29063,31.77556,0 35.29125,31.77562,0 35.29188,31.77569,0 35.29250,31.77575,0 35.29313,31.77581,0 35.29375,31.77587,0 35.29438,31.77594,0 35.29500,31.77600,0 35.29563,31.77606,0 35.29625,31.77619,0 35.29688,31.77632,0 35.29750,31.77645,0 35.29812,31.77658,0 35.29875,31.77670,0 35.29937,31.77683,0 35.30000,31.77696,0 35.30062,31.77709,0 35.30125,31.77722,0 35.30187,31.77734,0 35.30250,31.77754,0 35.30312,31.77773,0 35.30375,31.77792,0 35.30438,31.77812,0 35.30500,31.77831,0 35.30562,31.77851,0 35.30625,31.77870,0 35.30688,31.77889,0 35.30750,31.77909,0 35.30813,31.77928,0 35.30875,31.77954,0 35.30938,31.77980,0 35.31000,31.78006,0 35.31063,31.78032,0 35.31125,31.78058,0 35.31188,31.78084,0 35.31250,31.78110,0 35.31312,31.78136,0 35.31375,31.78162,0 35.31437,31.78188,0 35.31500,31.78220,0 35.31562,31.78253,0 35.31625,31.78285,0 35.31687,31.78318,0 35.31750,31.78350,0 35.31813,31.78383,0 35.31875,31.78415,0 35.31938,31.78448,0 35.32000,31.78480,0 35.32062,31.78513,0 35.32128,31.78547,0 35.32194,31.78581,0 35.32260,31.78615,0 35.32326,31.78649,0 35.32392,31.78683,0 35.32458,31.78717,0 35.32524,31.78751,0 35.32590,31.78785,0 35.32656,31.78819,0 35.32719,31.78851,0 35.32781,31.78883,0 35.32844,31.78915,0 35.32906,31.78947,0 35.32969,31.78978,0 35.33031,31.79010,0 35.33094,31.79042,0 35.33156,31.79074,0 35.33219,31.79106,0 35.33285,31.79140,0 35.33352,31.79173,0 35.33418,31.79207,0 35.33484,31.79241,0 35.33551,31.79274,0 35.33617,31.79308,0 35.33684,31.79341,0 35.33750,31.79375,0 35.33812,31.79406,0 35.33875,31.79437,0 35.33937,31.79469,0 35.34000,31.79500,0 35.34063,31.79531,0 35.34125,31.79563,0 35.34188,31.79594,0 35.34250,31.79625,0 35.34313,31.79656,0 35.34375,31.79688,0 35.34437,31.79719,0 35.34500,31.79750,0 35.34562,31.79781,0 35.34625,31.79812,0 35.34687,31.79844,0 35.34750,31.79875,0 35.34813,31.79906,0 35.34875,31.79938,0 35.34938,31.79969,0 35.35000,31.80000,0</coordinates></LineString><Polygon><outerBoundaryIs><LinearRing><coordinates>35.35000,31.80000,0 35.32649,31.79914,0 35.33769,31.78295,0 35.35000,31.80000,0</coordinates></LinearRing></outerBoundaryIs></Polygon></MultiGeometry></Placemark>
<Placemark><name>D15 → 아라바 길(광야) → 여리고 평지</name><description>여리고 평지에서 시드기야 생포</description><styleUrl>#lFF8C42</styleUrl><MultiGeometry><LineString><tessellate>1</tessellate><coordinates>35.35000,31.80000,0 35.35063,31.80025,0 35.35125,31.80050,0 35.35188,31.80075,0 35.35250,31.80100,0 35.35313,31.80125,0 35.35375,31.80150,0 35.35438,31.80175,0 35.35500,31.80200,0 35.35563,31.80225,0 35.35625,31.80250,0 35.35688,31.80275,0 35.35750,31.80300,0 35.35813,31.80325,0 35.35875,31.80350,0 35.35938,31.80375,0 35.36000,31.80400,0 35.36062,31.80425,0 35.36125,31.80450,0 35.36187,31.80475,0 35.36250,31.80500,0 35.36312,31.80525,0 35.36375,31.80550,0 35.36438,31.80575,0 35.36500,31.80600,0 35.36563,31.80625,0 35.36625,31.80650,0 35.36688,31.80675,0 35.36750,31.80700,0 35.36812,31.80725,0 35.36875,31.80750,0 35.36937,31.80775,0 35.37000,31.80800,0 35.37062,31.80825,0 35.37125,31.80850,0 35.37188,31.80875,0 35.37250,31.80900,0 35.37313,31.80925,0 35.37375,31.80950,0 35.37438,31.80975,0 35.37500,31.81000,0 35.37562,31.81025,0 35.37625,31.81050,0 35.37687,31.81075,0 35.37750,31.81100,0 35.37812,31.81125,0 35.37875,31.81150,0 35.37938,31.81175,0 35.38000,31.81200,0 35.38063,31.81225,0 35.38125,31.81250,0 35.38186,31.81272,0 35.38247,31.81295,0 35.38308,31.81317,0 35.38369,31.81339,0 35.38430,31.81362,0 35.38491,31.81384,0 35.38552,31.81406,0 35.38613,31.81429,0 35.38674,31.81451,0 35.38735,31.81473,0 35.38796,31.81496,0 35.38857,31.81518,0 35.38918,31.81540,0 35.38979,31.81563,0 35.39040,31.81585,0 35.39101,31.81607,0 35.39162,31.81629,0 35.39223,31.81652,0 35.39284,31.81674,0 35.39345,31.81696,0 35.39406,31.81719,0 35.39469,31.81740,0 35.39531,31.81760,0 35.39594,31.81781,0 35.39656,31.81802,0 35.39719,31.81823,0 35.39781,31.81844,0 35.39844,31.81865,0 35.39906,31.81885,0 35.39969,31.81906,0 35.40031,31.81927,0 35.40094,31.81948,0 35.40156,31.81969,0 35.40219,31.81990,0 35.40281,31.82010,0 35.40344,31.82031,0 35.40406,31.82052,0 35.40469,31.82073,0 35.40531,31.82094,0 35.40594,31.82115,0 35.40656,31.82135,0 35.40719,31.82156,0 35.40780,31.82175,0 35.40841,31.82193,0 35.40902,31.82212,0 35.40963,31.82230,0 35.41024,31.82249,0 35.41085,31.82267,0 35.41146,31.82286,0 35.41207,31.82304,0 35.41268,31.82322,0 35.41330,31.82341,0 35.41391,31.82359,0 35.41452,31.82378,0 35.41513,31.82396,0 35.41574,31.82415,0 35.41635,31.82433,0 35.41696,31.82452,0 35.41757,31.82470,0 35.41818,31.82489,0 35.41879,31.82507,0 35.41940,31.82526,0 35.42001,31.82544,0 35.42062,31.82563,0 35.42125,31.82580,0 35.42187,31.82597,0 35.42250,31.82614,0 35.42312,31.82631,0 35.42375,31.82648,0 35.42437,31.82665,0 35.42500,31.82682,0 35.42562,31.82699,0 35.42625,31.82716,0 35.42687,31.82733,0 35.42750,31.82750,0 35.42812,31.82767,0 35.42875,31.82784,0 35.42937,31.82801,0 35.43000,31.82818,0 35.43062,31.82835,0 35.43125,31.82852,0 35.43187,31.82869,0 35.43250,31.82886,0 35.43312,31.82903,0 35.43375,31.82920,0 35.43437,31.82937,0 35.43499,31.82953,0 35.43560,31.82969,0 35.43621,31.82985,0 35.43682,31.83001,0 35.43743,31.83016,0 35.43804,31.83032,0 35.43865,31.83048,0 35.43926,31.83064,0 35.43987,31.83079,0 35.44048,31.83095,0 35.44109,31.83111,0 35.44170,31.83127,0 35.44231,31.83143,0 35.44292,31.83158,0 35.44353,31.83174,0 35.44414,31.83190,0 35.44475,31.83206,0 35.44536,31.83221,0 35.44597,31.83237,0 35.44658,31.83253,0 35.44719,31.83269,0 35.44781,31.83284,0 35.44844,31.83299,0 35.44906,31.83314,0 35.44969,31.83329,0 35.45031,31.83344,0 35.45094,31.83360,0 35.45156,31.83375,0 35.45219,31.83390,0 35.45281,31.83405,0 35.45344,31.83420,0 35.45406,31.83435,0 35.45469,31.83450,0 35.45531,31.83465,0 35.45594,31.83481,0 35.45656,31.83496,0 35.45719,31.83511,0 35.45781,31.83526,0 35.45844,31.83541,0 35.45906,31.83556,0 35.45967,31.83570,0 35.46028,31.83583,0 35.46089,31.83597,0 35.46149,31.83610,0 35.46210,31.83624,0 35.46271,31.83638,0 35.46332,31.83651,0 35.46392,31.83665,0 35.46453,31.83678,0 35.46514,31.83692,0 35.46575,31.83705,0 35.46635,31.83719,0 35.46696,31.83732,0 35.46757,31.83746,0 35.46818,31.83759,0 35.46878,31.83773,0 35.46939,31.83786,0 35.47000,31.83800,0 35.47062,31.83813,0 35.47125,31.83825,0 35.47187,31.83837,0 35.47250,31.83850,0 35.47312,31.83863,0 35.47375,31.83875,0 35.47437,31.83888,0 35.47500,31.83900,0 35.47563,31.83912,0 35.47625,31.83925,0 35.47687,31.83938,0 35.47750,31.83950,0 35.47812,31.83963,0 35.47875,31.83975,0 35.47937,31.83987,0 35.48000,31.84000,0 35.48062,31.84013,0 35.48125,31.84025,0 35.48187,31.84038,0 35.48250,31.84050,0 35.48312,31.84062,0 35.48375,31.84075,0 35.48438,31.84088,0 35.48500,31.84100,0 35.48562,31.84112,0 35.48625,31.84125,0 35.48687,31.84137,0 35.48750,31.84150,0 35.48812,31.84163,0 35.48875,31.84175,0 35.48937,31.84188,0 35.49000,31.84200,0 35.49062,31.84212,0 35.49125,31.84225,0 35.49187,31.84238,0 35.49250,31.84250,0 35.49312,31.84263,0 35.49375,31.84275,0 35.49437,31.84287,0 35.49500,31.84300,0</coordinates></LineString><Polygon><outerBoundaryIs><LinearRing><coordinates>35.49500,31.84300,0 35.47223,31.84809,0 35.47730,31.82981,0 35.49500,31.84300,0</coordinates></LinearRing></outerBoundaryIs></Polygon></MultiGeometry></Placemark>
<Placemark><name>D16 → 여리고 평지 → 벧산 → 하솔 → 립나</name><description>립나의 심판 — 아들들의 죽음, 두 눈이 뽑힘</description><styleUrl>#lFF8C42</styleUrl><MultiGeometry><LineString><tessellate>1</tessellate><coordinates>35.50500,31.84000,0 35.49741,31.87283,0 35.49061,31.90566,0 35.48460,31.93849,0 35.47937,31.97132,0 35.47494,32.00416,0 35.47129,32.03700,0 35.46843,32.06984,0 35.46636,32.10268,0 35.46507,32.13553,0 35.46458,32.16838,0 35.46487,32.20123,0 35.46596,32.23408,0 35.46783,32.26694,0 35.47049,32.29980,0 35.47393,32.33266,0 35.47817,32.36552,0 35.48320,32.39839,0 35.48901,32.43126,0 35.49561,32.46413,0 35.50300,32.49700,0 35.50032,32.52374,0 35.49827,32.55040,0 35.49684,32.57699,0 35.49603,32.60350,0 35.49585,32.62993,0 35.49629,32.65628,0 35.49736,32.68255,0 35.49905,32.70874,0 35.50136,32.73486,0 35.50430,32.76090,0 35.50786,32.78686,0 35.51205,32.81274,0 35.51686,32.83855,0 35.52229,32.86428,0 35.52835,32.88993,0 35.53503,32.91550,0 35.54234,32.94099,0 35.55027,32.96640,0 35.55882,32.99174,0 35.56800,33.01700,0 35.59948,33.09780,0 35.63264,33.17746,0 35.66747,33.25599,0 35.70399,33.33337,0 35.74219,33.40962,0 35.78207,33.48472,0 35.82362,33.55869,0 35.86686,33.63153,0 35.91177,33.70322,0 35.95837,33.77377,0 36.00664,33.84319,0 36.05660,33.91147,0 36.10823,33.97860,0 36.16155,34.04460,0 36.21654,34.10947,0 36.27321,34.17319,0 36.33156,34.23578,0 36.39160,34.29722,0 36.45331,34.35753,0 36.51670,34.41670,0</coordinates></LineString><Polygon><outerBoundaryIs><LinearRing><coordinates>36.51670,34.41670,0 36.49409,34.40947,0 36.51132,34.39720,0 36.51670,34.41670,0</coordinates></LinearRing></outerBoundaryIs></Polygon></MultiGeometry></Placemark>
<Placemark><name>D16 → 립나 → 하맛 → 갈그미스 → 마리(유프라테스) → 바벨론</name><description>시드기야, 바벨론 감옥에서 죽을 때까지</description><styleUrl>#lFF8C42</styleUrl><MultiGeometry><LineString><tessellate>1</tessellate><coordinates>36.51670,34.41670,0 36.53686,34.44968,0 36.55616,34.48294,0 36.57460,34.51649,0 36.59219,34.55033,0 36.60892,34.58446,0 36.62479,34.61888,0 36.63981,34.65358,0 36.65396,34.68858,0 36.66726,34.72386,0 36.67971,34.75943,0 36.69129,34.79529,0 36.70202,34.83144,0 36.71190,34.86787,0 36.72091,34.90460,0 36.72907,34.94161,0 36.73637,34.97891,0 36.74281,35.01650,0 36.74840,35.05438,0 36.75313,35.09255,0 36.75700,35.13100,0 36.83923,35.20160,0 36.91943,35.27370,0 36.99759,35.34731,0 37.07371,35.42244,0 37.14779,35.49907,0 37.21983,35.57721,0 37.28983,35.65686,0 37.35780,35.73801,0 37.42373,35.82068,0 37.48762,35.90486,0 37.54947,35.99054,0 37.60928,36.07773,0 37.66705,36.16644,0 37.72279,36.25665,0 37.77649,36.34837,0 37.82815,36.44160,0 37.87777,36.53633,0 37.92535,36.63258,0 37.97089,36.73034,0 38.01440,36.82960,0 38.13213,36.68280,0 38.25260,36.53945,0 38.37580,36.39955,0 38.50174,36.26310,0 38.63042,36.13009,0 38.76184,36.00054,0 38.89599,35.87444,0 39.03288,35.75178,0 39.17250,35.63258,0 39.31486,35.51682,0 39.45996,35.40452,0 39.60780,35.29566,0 39.75837,35.19026,0 39.91168,35.08830,0 40.06772,34.98979,0 40.22650,34.89474,0 40.38802,34.80313,0 40.55228,34.71497,0 40.71927,34.63026,0 40.88900,34.54900,0 41.04265,34.40811,0 41.19872,34.27145,0 41.35720,34.13903,0 41.51810,34.01086,0 41.68141,33.88691,0 41.84713,33.76721,0 42.01528,33.65175,0 42.18583,33.54052,0 42.35881,33.43354,0 42.53419,33.33079,0 42.71200,33.23228,0 42.89221,33.13800,0 43.07485,33.04797,0 43.25989,32.96217,0 43.44736,32.88061,0 43.63724,32.80330,0 43.82953,32.73021,0 44.02424,32.66137,0 44.22136,32.59677,0 44.42090,32.53640,0</coordinates></LineString><Polygon><outerBoundaryIs><LinearRing><coordinates>44.42090,32.53640,0 44.40518,32.55138,0 44.39738,32.53379,0 44.42090,32.53640,0</coordinates></LinearRing></outerBoundaryIs></Polygon></MultiGeometry></Placemark>
<Placemark><name>D17 → 립나 → 하솔 → 예루살렘</name><description>★ 성전이 불타던 날</description><styleUrl>#lFF8C42</styleUrl><MultiGeometry><LineString><tessellate>1</tessellate><coordinates>36.51670,34.41670,0 36.48522,34.33590,0 36.45206,34.25624,0 36.41723,34.17771,0 36.38071,34.10033,0 36.34251,34.02408,0 36.30263,33.94898,0 36.26108,33.87501,0 36.21784,33.80217,0 36.17293,33.73048,0 36.12633,33.65993,0 36.07806,33.59051,0 36.02810,33.52223,0 35.97647,33.45510,0 35.92315,33.38910,0 35.86816,33.32423,0 35.81149,33.26051,0 35.75314,33.19792,0 35.69310,33.13648,0 35.63139,33.07617,0 35.56800,33.01700,0 35.56549,32.95126,0 35.56150,32.88593,0 35.55602,32.82099,0 35.54905,32.75645,0 35.54060,32.69231,0 35.53066,32.62857,0 35.51923,32.56523,0 35.50632,32.50228,0 35.49192,32.43974,0 35.47603,32.37759,0 35.45866,32.31585,0 35.43980,32.25450,0 35.41945,32.19356,0 35.39762,32.13301,0 35.37430,32.07286,0 35.34949,32.01311,0 35.32320,31.95376,0 35.29542,31.89481,0 35.26615,31.83625,0 35.24100,31.84700,0 35.24060,31.84637,0 35.24020,31.84573,0 35.23980,31.84510,0 35.23940,31.84446,0 35.23900,31.84383,0 35.23860,31.84319,0 35.23820,31.84256,0 35.23780,31.84192,0 35.23740,31.84129,0 35.23700,31.84066,0 35.23660,31.84002,0 35.23620,31.83939,0 35.23580,31.83875,0 35.23540,31.83812,0 35.23500,31.83748,0 35.23460,31.83685,0 35.23420,31.83622,0 35.23380,31.83558,0 35.23340,31.83495,0 35.23300,31.83431,0 35.23271,31.83366,0 35.23243,31.83301,0 35.23214,31.83235,0 35.23186,31.83170,0 35.23157,31.83105,0 35.23128,31.83039,0 35.23100,31.82974,0 35.23071,31.82909,0 35.23054,31.82842,0 35.23037,31.82774,0 35.23020,31.82707,0 35.23002,31.82640,0 35.22985,31.82573,0 35.22968,31.82506,0 35.22951,31.82438,0 35.22934,31.82371,0 35.22929,31.82310,0 35.22923,31.82248,0 35.22918,31.82187,0 35.22913,31.82126,0 35.22908,31.82064,0 35.22903,31.82003,0 35.22898,31.81942,0 35.22893,31.81880,0 35.22888,31.81819,0 35.22893,31.81756,0 35.22898,31.81693,0 35.22903,31.81630,0 35.22908,31.81567,0 35.22913,31.81503,0 35.22918,31.81440,0 35.22922,31.81377,0 35.22928,31.81314,0 35.22933,31.81251,0 35.22937,31.81190,0 35.22942,31.81129,0 35.22946,31.81067,0 35.22951,31.81006,0 35.22955,31.80945,0 35.22960,31.80883,0 35.22965,31.80822,0 35.22969,31.80761,0 35.22974,31.80699,0 35.22978,31.80632,0 35.22983,31.80565,0 35.22988,31.80498,0 35.22993,31.80431,0 35.22997,31.80364,0 35.23002,31.80297,0 35.23007,31.80230,0 35.23011,31.80163,0 35.23015,31.80098,0 35.23020,31.80033,0 35.23024,31.79968,0 35.23028,31.79903,0 35.23032,31.79838,0 35.23037,31.79773,0 35.23041,31.79708,0 35.23045,31.79642,0 35.23049,31.79579,0 35.23053,31.79516,0 35.23056,31.79453,0 35.23060,31.79390,0 35.23064,31.79327,0 35.23067,31.79264,0 35.23071,31.79201,0 35.23075,31.79138,0 35.23081,31.79069,0 35.23087,31.79001,0 35.23093,31.78933,0 35.23100,31.78865,0 35.23106,31.78797,0 35.23112,31.78729,0 35.23121,31.78666,0 35.23129,31.78604,0 35.23138,31.78541,0 35.23147,31.78479,0 35.23156,31.78416,0 35.23172,31.78344,0 35.23189,31.78272,0 35.23206,31.78200,0 35.23264,31.78080,0 35.23319,31.77984,0 35.23372,31.77912,0 35.23423,31.77864,0 35.23472,31.77841,0 35.23508,31.77823,0 35.23533,31.77811,0 35.23545,31.77805,0</coordinates></LineString><Polygon><outerBoundaryIs><LinearRing><coordinates>35.23540,31.77810,0 35.25384,31.79052,0 35.23360,31.79804,0 35.23540,31.77810,0</coordinates></LinearRing></outerBoundaryIs></Polygon></MultiGeometry></Placemark>
<Placemark><name>D18 → 예루살렘 → 하솔 → 립나 → 하맛 → 갈그미스 → 마리(유프라테스) → 바벨론</name><description>성전 기구 약탈 — 놋기둥·놋바다·놋소</description><styleUrl>#lFF8C42</styleUrl><MultiGeometry><LineString><tessellate>1</tessellate><coordinates>35.23540,31.77810,0 35.26615,31.83625,0 35.29542,31.89481,0 35.32320,31.95376,0 35.34949,32.01311,0 35.37430,32.07286,0 35.39762,32.13301,0 35.41945,32.19356,0 35.43980,32.25450,0 35.45866,32.31585,0 35.47603,32.37759,0 35.49192,32.43974,0 35.50632,32.50228,0 35.51923,32.56523,0 35.53066,32.62857,0 35.54060,32.69231,0 35.54905,32.75645,0 35.55602,32.82099,0 35.56150,32.88593,0 35.56549,32.95126,0 35.56800,33.01700,0 35.63139,33.07617,0 35.69310,33.13648,0 35.75314,33.19792,0 35.81149,33.26051,0 35.86816,33.32423,0 35.92315,33.38910,0 35.97647,33.45510,0 36.02810,33.52223,0 36.07806,33.59051,0 36.12633,33.65993,0 36.17293,33.73048,0 36.21784,33.80217,0 36.26108,33.87501,0 36.30263,33.94898,0 36.34251,34.02408,0 36.38071,34.10033,0 36.41723,34.17771,0 36.45206,34.25624,0 36.48522,34.33590,0 36.51670,34.41670,0 36.53686,34.44968,0 36.55616,34.48294,0 36.57460,34.51649,0 36.59219,34.55033,0 36.60892,34.58446,0 36.62479,34.61888,0 36.63981,34.65358,0 36.65396,34.68858,0 36.66726,34.72386,0 36.67971,34.75943,0 36.69129,34.79529,0 36.70202,34.83144,0 36.71190,34.86787,0 36.72091,34.90460,0 36.72907,34.94161,0 36.73637,34.97891,0 36.74281,35.01650,0 36.74840,35.05438,0 36.75313,35.09255,0 36.75700,35.13100,0 36.83923,35.20160,0 36.91943,35.27370,0 36.99759,35.34731,0 37.07371,35.42244,0 37.14779,35.49907,0 37.21983,35.57721,0 37.28983,35.65686,0 37.35780,35.73801,0 37.42373,35.82068,0 37.48762,35.90486,0 37.54947,35.99054,0 37.60928,36.07773,0 37.66705,36.16644,0 37.72279,36.25665,0 37.77649,36.34837,0 37.82815,36.44160,0 37.87777,36.53633,0 37.92535,36.63258,0 37.97089,36.73034,0 38.01440,36.82960,0 38.13213,36.68280,0 38.25260,36.53945,0 38.37580,36.39955,0 38.50174,36.26310,0 38.63042,36.13009,0 38.76184,36.00054,0 38.89599,35.87444,0 39.03288,35.75178,0 39.17250,35.63258,0 39.31486,35.51682,0 39.45996,35.40452,0 39.60780,35.29566,0 39.75837,35.19026,0 39.91168,35.08830,0 40.06772,34.98979,0 40.22650,34.89474,0 40.38802,34.80313,0 40.55228,34.71497,0 40.71927,34.63026,0 40.88900,34.54900,0 41.04265,34.40811,0 41.19872,34.27145,0 41.35720,34.13903,0 41.51810,34.01086,0 41.68141,33.88691,0 41.84713,33.76721,0 42.01528,33.65175,0 42.18583,33.54052,0 42.35881,33.43354,0 42.53419,33.33079,0 42.71200,33.23228,0 42.89221,33.13800,0 43.07485,33.04797,0 43.25989,32.96217,0 43.44736,32.88061,0 43.63724,32.80330,0 43.82953,32.73021,0 44.02424,32.66137,0 44.22136,32.59677,0 44.42090,32.53640,0</coordinates></LineString><Polygon><outerBoundaryIs><LinearRing><coordinates>44.42090,32.53640,0 44.40518,32.55138,0 44.39738,32.53379,0 44.42090,32.53640,0</coordinates></LinearRing></outerBoundaryIs></Polygon></MultiGeometry></Placemark>
<Placemark><name>D19 → 예루살렘 → 라마 → 하솔 → 립나 → 하맛 → 갈그미스 → 마리(유프라테스) → 바벨론</name><description>남은 백성 포로 — 가장 가난한 자만 남음</description><styleUrl>#lFF8C42</styleUrl><MultiGeometry><LineString><tessellate>1</tessellate><coordinates>35.23540,31.77810,0 35.23444,31.78177,0 35.23356,31.78544,0 35.23278,31.78911,0 35.23208,31.79279,0 35.23147,31.79647,0 35.23096,31.80015,0 35.23053,31.80383,0 35.23018,31.80752,0 35.22993,31.81121,0 35.22977,31.81491,0 35.22969,31.81860,0 35.22970,31.82230,0 35.22981,31.82600,0 35.23000,31.82971,0 35.23027,31.83342,0 35.23064,31.83713,0 35.23110,31.84084,0 35.23164,31.84456,0 35.23228,31.84828,0 35.23300,31.85200,0 35.23647,31.91407,0 35.24134,31.97574,0 35.24760,32.03700,0 35.25526,32.09786,0 35.26432,32.15833,0 35.27478,32.21838,0 35.28664,32.27804,0 35.29990,32.33730,0 35.31455,32.39615,0 35.33060,32.45460,0 35.34805,32.51265,0 35.36690,32.57030,0 35.38714,32.62754,0 35.40878,32.68438,0 35.43182,32.74083,0 35.45626,32.79686,0 35.48210,32.85250,0 35.50934,32.90774,0 35.53797,32.96257,0 35.56800,33.01700,0 35.59948,33.09780,0 35.63264,33.17746,0 35.66747,33.25599,0 35.70399,33.33337,0 35.74219,33.40962,0 35.78207,33.48472,0 35.82362,33.55869,0 35.86686,33.63153,0 35.91177,33.70322,0 35.95837,33.77377,0 36.00664,33.84319,0 36.05660,33.91147,0 36.10823,33.97860,0 36.16155,34.04460,0 36.21654,34.10947,0 36.27321,34.17319,0 36.33156,34.23578,0 36.39160,34.29722,0 36.45331,34.35753,0 36.51670,34.41670,0 36.52057,34.45515,0 36.52530,34.49332,0 36.53089,34.53120,0 36.53733,34.56879,0 36.54463,34.60609,0 36.55279,34.64310,0 36.56180,34.67983,0 36.57168,34.71626,0 36.58241,34.75241,0 36.59399,34.78827,0 36.60644,34.82384,0 36.61974,34.85912,0 36.63389,34.89412,0 36.64891,34.92882,0 36.66478,34.96324,0 36.68151,34.99737,0 36.69910,35.03121,0 36.71754,35.06476,0 36.73684,35.09802,0 36.75700,35.13100,0 36.80051,35.23026,0 36.84605,35.32802,0 36.89363,35.42427,0 36.94325,35.51900,0 36.99491,35.61223,0 37.04861,35.70395,0 37.10435,35.79416,0 37.16212,35.88287,0 37.22193,35.97006,0 37.28378,36.05574,0 37.34767,36.13992,0 37.41360,36.22259,0 37.48157,36.30374,0 37.55157,36.38339,0 37.62361,36.46153,0 37.69769,36.53816,0 37.77381,36.61329,0 37.85197,36.68690,0 37.93217,36.75900,0 38.01440,36.82960,0 38.18413,36.74834,0 38.35112,36.66363,0 38.51538,36.57547,0 38.67690,36.48386,0 38.83568,36.38881,0 38.99172,36.29030,0 39.14503,36.18834,0 39.29560,36.08294,0 39.44344,35.97408,0 39.58854,35.86178,0 39.73090,35.74602,0 39.87052,35.62682,0 40.00741,35.50416,0 40.14156,35.37806,0 40.27298,35.24851,0 40.40166,35.11550,0 40.52760,34.97905,0 40.65080,34.83915,0 40.77127,34.69580,0 40.88900,34.54900,0 41.08854,34.48863,0 41.28566,34.42403,0 41.48037,34.35519,0 41.67266,34.28210,0 41.86254,34.20479,0 42.05001,34.12323,0 42.23505,34.03743,0 42.41769,33.94740,0 42.59790,33.85312,0 42.77571,33.75461,0 42.95109,33.65186,0 43.12407,33.54488,0 43.29462,33.43365,0 43.46277,33.31819,0 43.62849,33.19849,0 43.79180,33.07454,0 43.95270,32.94637,0 44.11118,32.81395,0 44.26725,32.67729,0 44.42090,32.53640,0</coordinates></LineString><Polygon><outerBoundaryIs><LinearRing><coordinates>44.42090,32.53640,0 44.41466,32.55570,0 44.39844,32.54283,0 44.42090,32.53640,0</coordinates></LinearRing></outerBoundaryIs></Polygon></MultiGeometry></Placemark>
<Placemark><name>D21 → 라마 → 미스바</name><description>라마에서 쇠사슬이 풀림 → 미스바로</description><styleUrl>#lFF8C42</styleUrl><MultiGeometry><LineString><tessellate>1</tessellate><coordinates>35.23300,31.85200,0 35.23180,31.85357,0 35.23064,31.85515,0 35.22953,31.85676,0 35.22846,31.85839,0 35.22742,31.86003,0 35.22644,31.86169,0 35.22549,31.86338,0 35.22458,31.86508,0 35.22372,31.86680,0 35.22290,31.86854,0 35.22212,31.87030,0 35.22138,31.87208,0 35.22069,31.87388,0 35.22004,31.87569,0 35.21943,31.87753,0 35.21886,31.87939,0 35.21833,31.88126,0 35.21784,31.88315,0 35.21740,31.88507,0 35.21700,31.88700,0</coordinates></LineString><Polygon><outerBoundaryIs><LinearRing><coordinates>35.21700,31.88700,0 35.20994,31.86792,0 35.23168,31.87136,0 35.21700,31.88700,0</coordinates></LinearRing></outerBoundaryIs></Polygon></MultiGeometry></Placemark>
<Placemark><name>D22 → 예루살렘 → 하솔 → 립나</name><description>지도자들 처형 — '유다가 본토에서 떠났더라'</description><styleUrl>#lFF8C42</styleUrl><MultiGeometry><LineString><tessellate>1</tessellate><coordinates>35.23540,31.77810,0 35.26615,31.83625,0 35.29542,31.89481,0 35.32320,31.95376,0 35.34949,32.01311,0 35.37430,32.07286,0 35.39762,32.13301,0 35.41945,32.19356,0 35.43980,32.25450,0 35.45866,32.31585,0 35.47603,32.37759,0 35.49192,32.43974,0 35.50632,32.50228,0 35.51923,32.56523,0 35.53066,32.62857,0 35.54060,32.69231,0 35.54905,32.75645,0 35.55602,32.82099,0 35.56150,32.88593,0 35.56549,32.95126,0 35.56800,33.01700,0 35.63139,33.07617,0 35.69310,33.13648,0 35.75314,33.19792,0 35.81149,33.26051,0 35.86816,33.32423,0 35.92315,33.38910,0 35.97647,33.45510,0 36.02810,33.52223,0 36.07806,33.59051,0 36.12633,33.65993,0 36.17293,33.73048,0 36.21784,33.80217,0 36.26108,33.87501,0 36.30263,33.94898,0 36.34251,34.02408,0 36.38071,34.10033,0 36.41723,34.17771,0 36.45206,34.25624,0 36.48522,34.33590,0 36.51670,34.41670,0</coordinates></LineString><Polygon><outerBoundaryIs><LinearRing><coordinates>36.51670,34.41670,0 36.49915,34.40290,0 36.52075,34.39698,0 36.51670,34.41670,0</coordinates></LinearRing></outerBoundaryIs></Polygon></MultiGeometry></Placemark>
<Placemark><name>D25 → 모압 → 여리고 → 미스바</name><description>흩어진 유대인들의 귀환과 풍성한 수확 (모압)</description><styleUrl>#lFF8C42</styleUrl><MultiGeometry><LineString><tessellate>1</tessellate><coordinates>35.70000,31.18000,0 35.67932,31.21164,0 35.65947,31.24358,0 35.64045,31.27583,0 35.62226,31.30839,0 35.60490,31.34126,0 35.58837,31.37443,0 35.57267,31.40791,0 35.55779,31.44169,0 35.54375,31.47579,0 35.53053,31.51019,0 35.51815,31.54490,0 35.50659,31.57991,0 35.49587,31.61524,0 35.48597,31.65087,0 35.47690,31.68680,0 35.46866,31.72305,0 35.46125,31.75960,0 35.45467,31.79646,0 35.44892,31.83363,0 35.44400,31.87110,0 35.43247,31.86931,0 35.42096,31.86779,0 35.40946,31.86654,0 35.39799,31.86556,0 35.38653,31.86486,0 35.37510,31.86443,0 35.36368,31.86427,0 35.35228,31.86438,0 35.34091,31.86477,0 35.32955,31.86543,0 35.31821,31.86636,0 35.30688,31.86756,0 35.29558,31.86904,0 35.28430,31.87079,0 35.27303,31.87281,0 35.26179,31.87510,0 35.25056,31.87767,0 35.23936,31.88051,0 35.22817,31.88362,0 35.21700,31.88700,0</coordinates></LineString><Polygon><outerBoundaryIs><LinearRing><coordinates>35.21700,31.88700,0 35.23310,31.87240,0 35.24026,31.89017,0 35.21700,31.88700,0</coordinates></LinearRing></outerBoundaryIs></Polygon></MultiGeometry></Placemark>
<Placemark><name>D25 → 암몬(랍바) → 여리고 → 미스바</name><description>암몬에서 돌아옴</description><styleUrl>#lFF8C42</styleUrl><MultiGeometry><LineString><tessellate>1</tessellate><coordinates>35.93400,31.95400,0 35.90855,31.95544,0 35.88321,31.95629,0 35.85796,31.95656,0 35.83282,31.95624,0 35.80777,31.95532,0 35.78282,31.95383,0 35.75797,31.95174,0 35.73322,31.94906,0 35.70858,31.94580,0 35.68403,31.94195,0 35.65958,31.93751,0 35.63522,31.93248,0 35.61097,31.92687,0 35.58682,31.92067,0 35.56277,31.91387,0 35.53882,31.90650,0 35.51496,31.89853,0 35.49121,31.88997,0 35.46755,31.88083,0 35.44400,31.87110,0 35.43283,31.87448,0 35.42164,31.87759,0 35.41044,31.88043,0 35.39921,31.88300,0 35.38797,31.88529,0 35.37670,31.88731,0 35.36542,31.88906,0 35.35412,31.89054,0 35.34279,31.89174,0 35.33145,31.89267,0 35.32009,31.89333,0 35.30872,31.89372,0 35.29732,31.89383,0 35.28590,31.89367,0 35.27447,31.89324,0 35.26301,31.89254,0 35.25154,31.89156,0 35.24004,31.89031,0 35.22853,31.88879,0 35.21700,31.88700,0</coordinates></LineString><Polygon><outerBoundaryIs><LinearRing><coordinates>35.21700,31.88700,0 35.23935,31.88069,0 35.23566,31.89921,0 35.21700,31.88700,0</coordinates></LinearRing></outerBoundaryIs></Polygon></MultiGeometry></Placemark>
<Placemark><name>D25 → 에돔(보스라) → 헤브론 → 미스바</name><description>에돔에서 돌아옴</description><styleUrl>#lFF8C42</styleUrl><MultiGeometry><LineString><tessellate>1</tessellate><coordinates>35.60600,30.73000,0 35.57154,30.76436,0 35.53804,30.79933,0 35.50551,30.83490,0 35.47394,30.87108,0 35.44333,30.90787,0 35.41369,30.94527,0 35.38501,30.98327,0 35.35729,31.02188,0 35.33054,31.06110,0 35.30474,31.10093,0 35.27992,31.14136,0 35.25605,31.18240,0 35.23315,31.22405,0 35.21121,31.26631,0 35.19023,31.30917,0 35.17022,31.35264,0 35.15117,31.39672,0 35.13308,31.44141,0 35.11596,31.48670,0 35.09980,31.53260,0 35.10162,31.55166,0 35.10386,31.57057,0 35.10654,31.58935,0 35.10963,31.60798,0 35.11315,31.62647,0 35.11710,31.64483,0 35.12147,31.66304,0 35.12627,31.68111,0 35.13149,31.69904,0 35.13714,31.71683,0 35.14321,31.73448,0 35.14971,31.75199,0 35.15663,31.76936,0 35.16398,31.78659,0 35.17175,31.80367,0 35.17995,31.82062,0 35.18858,31.83743,0 35.19762,31.85409,0 35.20710,31.87062,0 35.21700,31.88700,0</coordinates></LineString><Polygon><outerBoundaryIs><LinearRing><coordinates>35.21700,31.88700,0 35.19781,31.87540,0 35.21759,31.86701,0 35.21700,31.88700,0</coordinates></LinearRing></outerBoundaryIs></Polygon></MultiGeometry></Placemark>
<Placemark><name>D27 → 암몬(랍바) → 여리고 → 미스바</name><description>그달랴 암살</description><styleUrl>#lFF8C42</styleUrl><MultiGeometry><LineString><tessellate>1</tessellate><coordinates>35.93400,31.95400,0 35.91045,31.94427,0 35.88679,31.93513,0 35.86304,31.92657,0 35.83918,31.91860,0 35.81523,31.91123,0 35.79118,31.90443,0 35.76703,31.89823,0 35.74278,31.89262,0 35.71842,31.88759,0 35.69397,31.88315,0 35.66942,31.87930,0 35.64478,31.87604,0 35.62003,31.87336,0 35.59518,31.87127,0 35.57023,31.86978,0 35.54518,31.86886,0 35.52004,31.86854,0 35.49479,31.86881,0 35.46945,31.86966,0 35.44400,31.87110,0 35.43247,31.86931,0 35.42096,31.86779,0 35.40946,31.86654,0 35.39799,31.86556,0 35.38653,31.86486,0 35.37510,31.86443,0 35.36368,31.86427,0 35.35228,31.86438,0 35.34091,31.86477,0 35.32955,31.86543,0 35.31821,31.86636,0 35.30688,31.86756,0 35.29558,31.86904,0 35.28430,31.87079,0 35.27303,31.87281,0 35.26179,31.87510,0 35.25056,31.87767,0 35.23936,31.88051,0 35.22817,31.88362,0 35.21700,31.88700,0</coordinates></LineString><Polygon><outerBoundaryIs><LinearRing><coordinates>35.21700,31.88700,0 35.23310,31.87240,0 35.24026,31.89017,0 35.21700,31.88700,0</coordinates></LinearRing></outerBoundaryIs></Polygon></MultiGeometry></Placemark>
<Placemark><name>D28 → 세겜 → 미스바</name><description>성전으로 가던 순례자 80명 학살 (세겜)</description><styleUrl>#lFF8C42</styleUrl><MultiGeometry><LineString><tessellate>1</tessellate><coordinates>35.28200,32.21370,0 35.27503,32.19811,0 35.26844,32.18243,0 35.26225,32.16668,0 35.25645,32.15086,0 35.25105,32.13495,0 35.24603,32.11897,0 35.24141,32.10290,0 35.23718,32.08676,0 35.23334,32.07055,0 35.22990,32.05425,0 35.22684,32.03788,0 35.22418,32.02142,0 35.22191,32.00489,0 35.22003,31.98829,0 35.21855,31.97160,0 35.21745,31.95484,0 35.21675,31.93799,0 35.21644,31.92107,0 35.21653,31.90408,0 35.21700,31.88700,0</coordinates></LineString><Polygon><outerBoundaryIs><LinearRing><coordinates>35.21700,31.88700,0 35.22777,31.90479,0 35.20565,31.90453,0 35.21700,31.88700,0</coordinates></LinearRing></outerBoundaryIs></Polygon></MultiGeometry></Placemark>
<Placemark><name>D28 → 실로 → 미스바</name><description>실로에서 온 순례자들</description><styleUrl>#lFF8C42</styleUrl><MultiGeometry><LineString><tessellate>1</tessellate><coordinates>35.28970,32.05560,0 35.28799,32.04634,0 35.28607,32.03717,0 35.28395,32.02809,0 35.28163,32.01909,0 35.27911,32.01018,0 35.27639,32.00136,0 35.27346,31.99262,0 35.27033,31.98397,0 35.26700,31.97541,0 35.26347,31.96694,0 35.25973,31.95855,0 35.25579,31.95025,0 35.25165,31.94204,0 35.24731,31.93392,0 35.24276,31.92588,0 35.23801,31.91793,0 35.23306,31.91007,0 35.22791,31.90229,0 35.22256,31.89460,0 35.21700,31.88700,0</coordinates></LineString><Polygon><outerBoundaryIs><LinearRing><coordinates>35.21700,31.88700,0 35.23724,31.89724,0 35.21832,31.90697,0 35.21700,31.88700,0</coordinates></LinearRing></outerBoundaryIs></Polygon></MultiGeometry></Placemark>
<Placemark><name>D28 → 사마리아 → 미스바</name><description>사마리아에서 온 순례자들</description><styleUrl>#lFF8C42</styleUrl><MultiGeometry><LineString><tessellate>1</tessellate><coordinates>35.19700,32.27600,0 35.19357,32.25632,0 35.19060,32.23667,0 35.18810,32.21704,0 35.18606,32.19743,0 35.18449,32.17785,0 35.18339,32.15829,0 35.18276,32.13876,0 35.18259,32.11925,0 35.18289,32.09976,0 35.18366,32.08030,0 35.18489,32.06086,0 35.18659,32.04145,0 35.18876,32.02206,0 35.19139,32.00269,0 35.19449,31.98335,0 35.19806,31.96403,0 35.20210,31.94474,0 35.20660,31.92547,0 35.21157,31.90622,0 35.21700,31.88700,0</coordinates></LineString><Polygon><outerBoundaryIs><LinearRing><coordinates>35.21700,31.88700,0 35.22312,31.90631,0 35.20157,31.90211,0 35.21700,31.88700,0</coordinates></LinearRing></outerBoundaryIs></Polygon></MultiGeometry></Placemark>
<Placemark><name>D29 → 미스바 → 기브온</name><description>이스마엘, 백성을 사로잡아 암몬으로</description><styleUrl>#lFF8C42</styleUrl><MultiGeometry><LineString><tessellate>1</tessellate><coordinates>35.21700,31.88700,0 35.21586,31.88464,0 35.21466,31.88231,0 35.21342,31.88002,0 35.21214,31.87777,0 35.21080,31.87556,0 35.20942,31.87339,0 35.20798,31.87125,0 35.20650,31.86916,0 35.20498,31.86710,0 35.20340,31.86508,0 35.20178,31.86310,0 35.20010,31.86116,0 35.19838,31.85925,0 35.19662,31.85739,0 35.19480,31.85556,0 35.19294,31.85377,0 35.19102,31.85202,0 35.18906,31.85031,0 35.18706,31.84864,0 35.18500,31.84700,0</coordinates></LineString><Polygon><outerBoundaryIs><LinearRing><coordinates>35.18500,31.84700,0 35.20766,31.85244,0 35.19236,31.86600,0 35.18500,31.84700,0</coordinates></LinearRing></outerBoundaryIs></Polygon></MultiGeometry></Placemark>
<Placemark><name>D30 → 기브온 → 여리고 → 암몬(랍바)</name><description>이스마엘과 8명, 암몬으로 도주</description><styleUrl>#lFF8C42</styleUrl><MultiGeometry><LineString><tessellate>1</tessellate><coordinates>35.18500,31.84700,0 35.19768,31.85116,0 35.21038,31.85500,0 35.22311,31.85854,0 35.23587,31.86177,0 35.24867,31.86468,0 35.26149,31.86728,0 35.27433,31.86958,0 35.28721,31.87156,0 35.30012,31.87323,0 35.31305,31.87459,0 35.32602,31.87564,0 35.33901,31.87638,0 35.35203,31.87681,0 35.36509,31.87692,0 35.37817,31.87673,0 35.39127,31.87623,0 35.40441,31.87541,0 35.41758,31.87428,0 35.43078,31.87285,0 35.44400,31.87110,0 35.46755,31.88083,0 35.49121,31.88997,0 35.51496,31.89853,0 35.53882,31.90650,0 35.56277,31.91388,0 35.58682,31.92067,0 35.61097,31.92687,0 35.63522,31.93248,0 35.65958,31.93751,0 35.68403,31.94195,0 35.70858,31.94580,0 35.73322,31.94906,0 35.75797,31.95174,0 35.78282,31.95383,0 35.80777,31.95532,0 35.83282,31.95624,0 35.85796,31.95656,0 35.88321,31.95629,0 35.90855,31.95544,0 35.93400,31.95400,0</coordinates></LineString><Polygon><outerBoundaryIs><LinearRing><coordinates>35.93400,31.95400,0 35.91381,31.96431,0 35.91263,31.94556,0 35.93400,31.95400,0</coordinates></LinearRing></outerBoundaryIs></Polygon></MultiGeometry></Placemark>
<Placemark><name>D31 → 기브온 → 게룻김함</name><description>베들레헴 근처 게룻김함에 머묾</description><styleUrl>#lFF8C42</styleUrl><MultiGeometry><LineString><tessellate>1</tessellate><coordinates>35.18500,31.84700,0 35.18517,31.84081,0 35.18547,31.83465,0 35.18592,31.82853,0 35.18651,31.82245,0 35.18724,31.81640,0 35.18810,31.81039,0 35.18911,31.80441,0 35.19026,31.79847,0 35.19155,31.79257,0 35.19298,31.78670,0 35.19455,31.78087,0 35.19626,31.77507,0 35.19811,31.76931,0 35.20010,31.76359,0 35.20224,31.75790,0 35.20451,31.75225,0 35.20692,31.74663,0 35.20947,31.74105,0 35.21217,31.73551,0 35.21500,31.73000,0</coordinates></LineString><Polygon><outerBoundaryIs><LinearRing><coordinates>35.21500,31.73000,0 35.21703,31.74993,0 35.19671,31.74257,0 35.21500,31.73000,0</coordinates></LinearRing></outerBoundaryIs></Polygon></MultiGeometry></Placemark>
<Placemark><name>D34 → 게룻김함 → 헤브론 → 브엘세바 → 다바네스</name><description>말씀을 거부하고 애굽 다바네스로</description><styleUrl>#lFF8C42</styleUrl><MultiGeometry><LineString><tessellate>1</tessellate><coordinates>35.21500,31.73000,0 35.21149,31.71882,0 35.20774,31.70777,0 35.20376,31.69686,0 35.19954,31.68610,0 35.19508,31.67547,0 35.19039,31.66497,0 35.18546,31.65462,0 35.18029,31.64440,0 35.17489,31.63433,0 35.16924,31.62439,0 35.16337,31.61459,0 35.15725,31.60492,0 35.15090,31.59540,0 35.14431,31.58601,0 35.13748,31.57677,0 35.13042,31.56766,0 35.12312,31.55868,0 35.11558,31.54985,0 35.10781,31.54116,0 35.09980,31.53260,0 35.09009,31.51526,0 35.08003,31.49823,0 35.06963,31.48151,0 35.05888,31.46510,0 35.04779,31.44901,0 35.03636,31.43323,0 35.02457,31.41775,0 35.01245,31.40260,0 34.99997,31.38775,0 34.98716,31.37321,0 34.97399,31.35899,0 34.96049,31.34508,0 34.94663,31.33147,0 34.93244,31.31819,0 34.91789,31.30521,0 34.90300,31.29254,0 34.88777,31.28019,0 34.87219,31.26815,0 34.85627,31.25642,0 34.84000,31.24500,0 34.71111,31.20125,0 34.58190,31.16068,0 34.45235,31.12327,0 34.32248,31.08902,0 34.19229,31.05795,0 34.06176,31.03004,0 33.93091,31.00531,0 33.79972,30.98374,0 33.66822,30.96533,0 33.53638,30.95010,0 33.40422,30.93803,0 33.27172,30.92914,0 33.13891,30.92341,0 33.00576,30.92084,0 32.87229,30.92145,0 32.73848,30.92522,0 32.60435,30.93217,0 32.46990,30.94228,0 32.33511,30.95555,0 32.20000,30.97200,0</coordinates></LineString><Polygon><outerBoundaryIs><LinearRing><coordinates>32.20000,30.97200,0 32.21903,30.96044,0 32.22182,30.97906,0 32.20000,30.97200,0</coordinates></LinearRing></outerBoundaryIs></Polygon></MultiGeometry></Placemark>
<Placemark><name>D35 → 다바네스 → 헬리오폴리스</name><description>헬리오폴리스의 주상이 깨지리라</description><styleUrl>#lFF8C42</styleUrl><MultiGeometry><LineString><tessellate>1</tessellate><coordinates>32.20000,30.97200,0 32.16496,30.91967,0 32.12891,30.86841,0 32.09185,30.81822,0 32.05377,30.76911,0 32.01469,30.72106,0 31.97459,30.67409,0 31.93348,30.62819,0 31.89136,30.58336,0 31.84822,30.53961,0 31.80408,30.49692,0 31.75892,30.45531,0 31.71276,30.41476,0 31.66558,30.37529,0 31.61739,30.33689,0 31.56818,30.29957,0 31.51797,30.26331,0 31.46675,30.22812,0 31.41451,30.19401,0 31.36126,30.16097,0 31.30700,30.12900,0</coordinates></LineString><Polygon><outerBoundaryIs><LinearRing><coordinates>31.30700,30.12900,0 31.32995,30.13142,0 31.31751,30.14681,0 31.30700,30.12900,0</coordinates></LinearRing></outerBoundaryIs></Polygon></MultiGeometry></Placemark>
<Placemark><name>D36 → 예루살렘 → 하솔 → 립나 → 하맛 → 갈그미스 → 마리(유프라테스) → 바벨론</name><description>3차 포로 — 745명</description><styleUrl>#lFF8C42</styleUrl><MultiGeometry><LineString><tessellate>1</tessellate><coordinates>35.23540,31.77810,0 35.26615,31.83625,0 35.29542,31.89481,0 35.32320,31.95376,0 35.34949,32.01311,0 35.37430,32.07286,0 35.39762,32.13301,0 35.41945,32.19356,0 35.43980,32.25450,0 35.45866,32.31585,0 35.47603,32.37759,0 35.49192,32.43974,0 35.50632,32.50228,0 35.51923,32.56523,0 35.53066,32.62857,0 35.54060,32.69231,0 35.54905,32.75645,0 35.55602,32.82099,0 35.56150,32.88593,0 35.56549,32.95126,0 35.56800,33.01700,0 35.63139,33.07617,0 35.69310,33.13648,0 35.75314,33.19792,0 35.81149,33.26051,0 35.86816,33.32423,0 35.92315,33.38910,0 35.97647,33.45510,0 36.02810,33.52223,0 36.07806,33.59051,0 36.12633,33.65993,0 36.17293,33.73048,0 36.21784,33.80217,0 36.26108,33.87501,0 36.30263,33.94898,0 36.34251,34.02408,0 36.38071,34.10033,0 36.41723,34.17771,0 36.45206,34.25624,0 36.48522,34.33590,0 36.51670,34.41670,0 36.53686,34.44968,0 36.55616,34.48294,0 36.57460,34.51649,0 36.59219,34.55033,0 36.60892,34.58446,0 36.62479,34.61888,0 36.63981,34.65358,0 36.65396,34.68858,0 36.66726,34.72386,0 36.67971,34.75943,0 36.69129,34.79529,0 36.70202,34.83144,0 36.71190,34.86787,0 36.72091,34.90460,0 36.72907,34.94161,0 36.73637,34.97891,0 36.74281,35.01650,0 36.74840,35.05438,0 36.75313,35.09255,0 36.75700,35.13100,0 36.83923,35.20160,0 36.91943,35.27370,0 36.99759,35.34731,0 37.07371,35.42244,0 37.14779,35.49907,0 37.21983,35.57721,0 37.28983,35.65686,0 37.35780,35.73801,0 37.42373,35.82068,0 37.48762,35.90486,0 37.54947,35.99054,0 37.60928,36.07773,0 37.66705,36.16644,0 37.72279,36.25665,0 37.77649,36.34837,0 37.82815,36.44160,0 37.87777,36.53633,0 37.92535,36.63258,0 37.97089,36.73034,0 38.01440,36.82960,0 38.13213,36.68280,0 38.25260,36.53945,0 38.37580,36.39955,0 38.50174,36.26310,0 38.63042,36.13009,0 38.76184,36.00054,0 38.89599,35.87444,0 39.03288,35.75178,0 39.17250,35.63258,0 39.31486,35.51682,0 39.45996,35.40452,0 39.60780,35.29566,0 39.75837,35.19026,0 39.91168,35.08830,0 40.06772,34.98979,0 40.22650,34.89474,0 40.38802,34.80313,0 40.55228,34.71497,0 40.71927,34.63026,0 40.88900,34.54900,0 41.04265,34.40811,0 41.19872,34.27145,0 41.35720,34.13903,0 41.51810,34.01086,0 41.68141,33.88691,0 41.84713,33.76721,0 42.01528,33.65175,0 42.18583,33.54052,0 42.35881,33.43354,0 42.53419,33.33079,0 42.71200,33.23228,0 42.89221,33.13800,0 43.07485,33.04797,0 43.25989,32.96217,0 43.44736,32.88061,0 43.63724,32.80330,0 43.82953,32.73021,0 44.02424,32.66137,0 44.22136,32.59677,0 44.42090,32.53640,0</coordinates></LineString><Polygon><outerBoundaryIs><LinearRing><coordinates>44.42090,32.53640,0 44.40518,32.55138,0 44.39738,32.53379,0 44.42090,32.53640,0</coordinates></LinearRing></outerBoundaryIs></Polygon></MultiGeometry></Placemark>
<Placemark><name>D37 → 바벨론 → 마리(유프라테스) → 갈그미스 → 하맛 → 립나 → 하솔 → 가사 → 애굽 국경(펠루시움) → 애굽(멤피스)</name><description>예언 성취 — 느부갓네살의 애굽 원정</description><styleUrl>#lFF8C42</styleUrl><MultiGeometry><LineString><tessellate>1</tessellate><coordinates>44.42090,32.53640,0 44.22136,32.59677,0 44.02424,32.66137,0 43.82953,32.73021,0 43.63724,32.80330,0 43.44736,32.88061,0 43.25989,32.96217,0 43.07485,33.04797,0 42.89221,33.13800,0 42.71200,33.23228,0 42.53419,33.33079,0 42.35881,33.43354,0 42.18583,33.54052,0 42.01528,33.65175,0 41.84713,33.76721,0 41.68141,33.88691,0 41.51810,34.01086,0 41.35720,34.13903,0 41.19872,34.27145,0 41.04265,34.40811,0 40.88900,34.54900,0 40.71927,34.63026,0 40.55228,34.71497,0 40.38802,34.80313,0 40.22650,34.89474,0 40.06772,34.98979,0 39.91168,35.08830,0 39.75837,35.19026,0 39.60780,35.29566,0 39.45996,35.40452,0 39.31486,35.51682,0 39.17250,35.63258,0 39.03288,35.75178,0 38.89599,35.87444,0 38.76184,36.00054,0 38.63042,36.13009,0 38.50174,36.26310,0 38.37580,36.39955,0 38.25260,36.53945,0 38.13213,36.68280,0 38.01440,36.82960,0 37.97089,36.73034,0 37.92535,36.63258,0 37.87777,36.53633,0 37.82815,36.44160,0 37.77649,36.34837,0 37.72279,36.25665,0 37.66705,36.16644,0 37.60928,36.07773,0 37.54947,35.99054,0 37.48762,35.90486,0 37.42373,35.82068,0 37.35780,35.73801,0 37.28983,35.65686,0 37.21983,35.57721,0 37.14779,35.49907,0 37.07371,35.42244,0 36.99759,35.34731,0 36.91943,35.27370,0 36.83923,35.20160,0 36.75700,35.13100,0 36.75313,35.09255,0 36.74840,35.05438,0 36.74281,35.01650,0 36.73637,34.97891,0 36.72907,34.94161,0 36.72091,34.90460,0 36.71190,34.86787,0 36.70202,34.83144,0 36.69129,34.79529,0 36.67971,34.75943,0 36.66726,34.72386,0 36.65396,34.68858,0 36.63981,34.65358,0 36.62479,34.61888,0 36.60892,34.58446,0 36.59219,34.55033,0 36.57460,34.51649,0 36.55616,34.48294,0 36.53686,34.44968,0 36.51670,34.41670,0 36.48522,34.33590,0 36.45206,34.25624,0 36.41723,34.17771,0 36.38071,34.10033,0 36.34251,34.02408,0 36.30263,33.94898,0 36.26108,33.87501,0 36.21784,33.80217,0 36.17293,33.73048,0 36.12633,33.65993,0 36.07806,33.59051,0 36.02810,33.52223,0 35.97647,33.45510,0 35.92315,33.38910,0 35.86816,33.32423,0 35.81149,33.26051,0 35.75314,33.19792,0 35.69310,33.13648,0 35.63139,33.07617,0 35.56800,33.01700,0 35.53005,32.92876,0 35.49028,32.84185,0 35.44870,32.75627,0 35.40530,32.67201,0 35.36008,32.58907,0 35.31306,32.50746,0 35.26421,32.42717,0 35.21355,32.34821,0 35.16107,32.27057,0 35.10678,32.19426,0 35.05067,32.11927,0 34.99275,32.04561,0 34.93301,31.97327,0 34.87146,31.90226,0 34.80808,31.83257,0 34.74290,31.76421,0 34.67590,31.69717,0 34.60708,31.63145,0 34.53645,31.56706,0 34.46400,31.50400,0 34.37332,31.45902,0 34.28208,31.41635,0 34.19029,31.37598,0 34.09794,31.33791,0 34.00504,31.30215,0 33.91158,31.26868,0 33.81758,31.23752,0 33.72301,31.20867,0 33.62789,31.18211,0 33.53222,31.15786,0 33.43599,31.13591,0 33.33921,31.11627,0 33.24188,31.09892,0 33.14398,31.08388,0 33.04554,31.07115,0 32.94654,31.06071,0 32.84699,31.05258,0 32.74688,31.04675,0 32.64622,31.04322,0 32.54500,31.04200,0 32.49391,30.96737,0 32.44138,30.89429,0 32.38742,30.82277,0 32.33202,30.75280,0 32.27518,30.68438,0 32.21691,30.61752,0 32.15720,30.55221,0 32.09605,30.48846,0 32.03347,30.42626,0 31.96944,30.36561,0 31.90399,30.30652,0 31.83709,30.24898,0 31.76876,30.19299,0 31.69899,30.13856,0 31.62778,30.08568,0 31.55514,30.03436,0 31.48106,29.98459,0 31.40554,29.93637,0 31.32859,29.88971,0 31.25020,29.84460,0</coordinates></LineString><Polygon><outerBoundaryIs><LinearRing><coordinates>31.25020,29.84460,0 31.27312,29.84678,0 31.26093,29.86230,0 31.25020,29.84460,0</coordinates></LinearRing></outerBoundaryIs></Polygon></MultiGeometry></Placemark>
</Folder>
<Folder><name>지점 표지(고증 위치)</name>
<Placemark><name>성전산</name><description>솔로몬 성전 자리(가장 유력). 바위의 돔 부근</description><styleUrl>#lm</styleUrl><Point><coordinates>35.23545,31.77805,0</coordinates></Point></Placemark>
<Placemark><name>오벨·왕궁 구역(추정)</name><description>성전 남쪽 왕궁 구역. 시위대 뜰·왕의 서기관 방 등(추정)</description><styleUrl>#lm</styleUrl><Point><coordinates>35.23680,31.77650,0</coordinates></Point></Placemark>
<Placemark><name>다윗성</name><description>예루살렘의 옛 중심(시온 산성). 다윗이 정복해 수도로 삼음</description><styleUrl>#lm</styleUrl><Point><coordinates>35.23620,31.77370,0</coordinates></Point></Placemark>
<Placemark><name>기혼 샘</name><description>예루살렘의 물 근원. 히스기야가 터널로 실로암 못에 연결(대하 32:30)</description><styleUrl>#lm</styleUrl><Point><coordinates>35.23685,31.77575,0</coordinates></Point></Placemark>
<Placemark><name>실로암 못</name><description>히스기야 터널의 출구</description><styleUrl>#lm</styleUrl><Point><coordinates>35.23535,31.77045,0</coordinates></Point></Placemark>
<Placemark><name>두 성벽 사이 문(추정)</name><description>왕하 25:4 — 시드기야가 도망한 문. 다윗성 남쪽 끝, 왕의 동산 쪽(추정)</description><styleUrl>#lm</styleUrl><Point><coordinates>35.23520,31.76920,0</coordinates></Point></Placemark>
<Placemark><name>왕의 동산(추정)</name><description>기드론 골짜기와 힌놈 골짜기가 만나는 부근 — 느 3:15 '왕의 동산'</description><styleUrl>#lm</styleUrl><Point><coordinates>35.23780,31.76820,0</coordinates></Point></Placemark>
<Placemark><name>북쪽 바벨론 진영(추정)</name><description>예루살렘이 가장 취약한 북쪽에 포위진을 쳤을 것으로 보는 견해(사 10:28-32의 침입로)</description><styleUrl>#lm</styleUrl><Point><coordinates>35.23120,31.78380,0</coordinates></Point></Placemark>
<Placemark><name>광폭 성벽</name><description>히스기야 시대(BC 8세기 말)에 쌓은 두꺼운 성벽(느 3:8 '넓은 성벽'), 현 유대인 지구에서 발굴</description><styleUrl>#lm</styleUrl><Point><coordinates>35.23120,31.77570,0</coordinates></Point></Placemark>
<Placemark><name>감람산</name><description>기드론 골짜기 동편</description><styleUrl>#lm</styleUrl><Point><coordinates>35.24500,31.77880,0</coordinates></Point></Placemark>
<Placemark><name>베다니</name><description>감람산 동편 — 예루살렘에서 여리고로 가는 옛길의 출발점</description><styleUrl>#lm</styleUrl><Point><coordinates>35.26100,31.77120,0</coordinates></Point></Placemark>
<Placemark><name>케텝 힌놈</name><description>BC 7세기 말 무덤에서 '여호와가 네게 복을 주시고…' 민 6:24-26이 새겨진 은 두루마리 출토</description><styleUrl>#lm</styleUrl><Point><coordinates>35.22500,31.76950,0</coordinates></Point></Placemark>
<Placemark><name>골고다(성묘교회)</name><description>전통 위치</description><styleUrl>#lm</styleUrl><Point><coordinates>35.22960,31.77840,0</coordinates></Point></Placemark>
<Placemark><name>기브온 큰 못</name><description>렘 41:12 — 발굴로 확인된 거대한 바위 우물</description><styleUrl>#lm</styleUrl><Point><coordinates>35.18530,31.84780,0</coordinates></Point></Placemark>
<Placemark><name>미스바(텔 엔-나스베)</name><description>그달랴 총독 관저가 있던 곳으로 보는 통설</description><styleUrl>#lm</styleUrl><Point><coordinates>35.21750,31.88800,0</coordinates></Point></Placemark>
<Placemark><name>여리고(텔 에스-술탄)</name><description>여리고 옛 성터</description><styleUrl>#lm</styleUrl><Point><coordinates>35.44400,31.87110,0</coordinates></Point></Placemark>
<Placemark><name>바벨론 이슈타르 문</name><description>느부갓네살이 세운 문과 행렬로(BC 575년경)</description><styleUrl>#lm</styleUrl><Point><coordinates>44.42090,32.54210,0</coordinates></Point></Placemark>
<Placemark><name>바벨론 남궁(근사)</name><description>느부갓네살의 궁전 터</description><styleUrl>#lm</styleUrl><Point><coordinates>44.41950,32.53950,0</coordinates></Point></Placemark>
</Folder>
</Document></kml>